date,origin,destination,route_distance_km,route_duration_hours,temperature_max,temperature_min,precipitation_total,rain_total,pressure_msl_min,pressure_msl_mean,cloud_cover_mean,wind_speed_max,wind_speed_mean,wind_gust_max,weather_code_max
2024-01-01,London,Shanghai,19560.51169555087,440.07630704533096,28.8,0.5,108.6,108.6,988.7,1014.9538888888889,69.6,34.0,14.796944444444446,46.5,65
2024-01-02,London,Shanghai,19560.51169555087,440.07630704533096,28.9,3.1,93.0,93.0,976.5,1011.4266666666666,67.79166666666667,38.5,15.453611111111112,55.6,63
2024-01-03,London,Shanghai,19560.51169555087,440.07630704533096,28.0,-3.1,69.0,69.0,988.3,1012.8169444444445,51.488888888888894,32.4,15.305555555555555,50.0,63
2024-01-04,London,Shanghai,19560.51169555087,440.07630704533096,28.4,-2.2,93.5,93.5,991.3,1013.1652777777778,55.5,31.8,13.974722222222223,46.8,65
2024-01-05,London,Shanghai,19560.51169555087,440.07630704533096,28.4,1.7,28.0,28.0,989.8,1013.2886111111111,60.333333333333336,28.6,12.741111111111111,43.2,61
2024-01-06,London,Shanghai,19560.51169555087,440.07630704533096,28.6,1.7,52.8,52.8,996.8,1016.8375,51.85555555555556,37.9,12.957777777777778,55.4,63
2024-01-07,London,Shanghai,19560.51169555087,440.07630704533096,28.1,-0.4,35.3,35.3,1004.1,1019.333611111111,53.57222222222222,36.8,15.196111111111112,50.3,63
2024-01-08,London,Shanghai,19560.51169555087,440.07630704533096,28.8,0.8,68.3,66.4,1007.2,1019.2291666666666,74.50277777777778,36.8,15.118333333333334,48.8,73
2024-01-09,London,Shanghai,19560.51169555087,440.07630704533096,27.6,0.7,99.3,98.2,1007.6,1018.5583333333333,53.927777777777784,32.4,14.089722222222223,44.7,73
2024-01-10,London,Shanghai,19560.51169555087,440.07630704533096,28.5,-6.1,54.5,54.2,1007.5,1019.9133333333334,46.141666666666666,25.5,14.065277777777776,35.2,71
2024-01-11,London,Shanghai,19560.51169555087,440.07630704533096,29.1,-4.3,20.400000000000002,20.400000000000002,1008.1,1021.0802777777777,48.397222222222226,22.9,12.8225,32.1,63
2024-01-12,London,Shanghai,19560.51169555087,440.07630704533096,28.5,2.7,75.4,75.4,1008.5,1020.3483333333334,56.49444444444445,23.2,12.715833333333332,31.7,65
2024-01-13,London,Shanghai,19560.51169555087,440.07630704533096,28.8,1.6,13.9,13.9,1008.9,1018.9641666666666,53.955555555555556,24.6,12.594166666666666,33.0,61
2024-01-14,London,Shanghai,19560.51169555087,440.07630704533096,28.6,1.7,11.4,11.4,1008.3,1016.7069444444445,55.9,22.9,11.40138888888889,30.7,61
2024-01-15,London,Shanghai,19560.51169555087,440.07630704533096,28.8,-3.9,31.5,31.5,1007.7,1016.4916666666667,50.0,27.0,13.859722222222222,36.7,63
2024-01-16,London,Shanghai,19560.51169555087,440.07630704533096,28.2,-4.4,59.199999999999996,59.199999999999996,990.9,1014.723888888889,55.472222222222214,33.3,12.066944444444443,44.5,63
2024-01-17,London,Shanghai,19560.51169555087,440.07630704533096,28.2,-3.1,58.5,58.4,987.1,1009.4641666666666,55.72222222222222,33.6,11.944444444444445,46.1,71
2024-01-18,London,Shanghai,19560.51169555087,440.07630704533096,28.6,-5.0,43.0,43.0,993.9,1013.48,46.25833333333333,28.5,11.639166666666666,43.5,63
2024-01-19,London,Shanghai,19560.51169555087,440.07630704533096,29.1,-3.7,80.2,80.2,1007.5,1016.7377777777779,59.077777777777776,31.4,11.81138888888889,42.0,63
2024-01-20,London,Shanghai,19560.51169555087,440.07630704533096,28.3,-0.9,39.900000000000006,39.900000000000006,1009.2,1019.1786111111111,72.37222222222222,26.9,14.397222222222222,37.5,63
2024-01-21,London,Shanghai,19560.51169555087,440.07630704533096,28.5,-1.1,21.0,21.0,1000.7,1019.3475,73.70277777777778,39.5,18.754444444444445,53.3,61
2024-01-22,London,Shanghai,19560.51169555087,440.07630704533096,28.3,-5.9,53.800000000000004,45.2,997.2,1021.1644444444445,61.28333333333333,40.6,17.869444444444447,57.1,73
2024-01-23,London,Shanghai,19560.51169555087,440.07630704533096,28.7,-5.2,19.1,19.1,1010.6,1023.9041666666667,57.50833333333333,33.8,16.526666666666667,45.3,61
2024-01-24,London,Shanghai,19560.51169555087,440.07630704533096,28.6,-3.9,11.4,11.4,1010.8,1024.6180555555557,52.87777777777777,34.0,13.55722222222222,49.0,63
2024-01-25,London,Shanghai,19560.51169555087,440.07630704533096,28.2,-4.2,11.600000000000001,11.600000000000001,1011.7,1023.9725000000001,46.547222222222224,26.7,13.171944444444444,35.2,61
2024-01-26,London,Shanghai,19560.51169555087,440.07630704533096,28.3,-4.5,9.8,9.8,1011.5,1023.83,41.077777777777776,28.3,12.673055555555555,37.3,55
2024-01-27,London,Shanghai,19560.51169555087,440.07630704533096,28.2,-3.0,8.7,8.7,1010.2,1024.47,58.56666666666667,24.1,10.18222222222222,32.3,61
2024-01-28,London,Shanghai,19560.51169555087,440.07630704533096,27.9,-0.7,15.8,15.8,1011.1,1022.5647222222221,66.74722222222222,24.8,12.192499999999999,34.2,61
2024-01-29,London,Shanghai,19560.51169555087,440.07630704533096,28.3,2.8,23.5,23.5,1010.6,1022.0908333333334,72.71111111111112,26.0,12.498333333333333,36.2,61
2024-01-30,London,Shanghai,19560.51169555087,440.07630704533096,28.7,5.0,13.200000000000001,13.200000000000001,1010.8,1023.0875,60.888888888888886,25.9,10.942777777777776,35.2,63
2024-01-31,London,Shanghai,19560.51169555087,440.07630704533096,28.9,3.3,39.5,39.5,1010.9,1023.5530555555556,60.19444444444444,25.0,9.742777777777777,35.8,63
2024-02-01,London,Shanghai,19560.51169555087,440.07630704533096,28.8,2.4,19.200000000000003,19.200000000000003,1010.8,1024.4447222222223,69.54166666666667,22.9,10.886944444444445,30.9,61
2024-02-02,London,Shanghai,19560.51169555087,440.07630704533096,28.5,3.0,12.2,12.2,1009.7,1023.7113888888889,65.73611111111111,23.9,13.704722222222221,32.3,61
2024-02-03,London,Shanghai,19560.51169555087,440.07630704533096,29.1,3.7,13.3,13.3,1009.9,1023.3775,62.62222222222222,24.8,13.323055555555555,33.2,63
2024-02-04,London,Shanghai,19560.51169555087,440.07630704533096,29.0,0.3,25.4,25.4,1010.3,1022.7736111111111,61.49166666666667,21.7,12.39611111111111,34.6,63
2024-02-05,London,Shanghai,19560.51169555087,440.07630704533096,28.8,0.3,1.2,1.2,1011.3,1022.6274999999999,65.42222222222223,28.1,13.699166666666667,38.1,51
2024-02-06,London,Shanghai,19560.51169555087,440.07630704533096,28.7,0.8,33.099999999999994,32.5,1003.7,1019.9536111111112,63.45,32.3,14.456666666666667,43.7,71
2024-02-07,London,Shanghai,19560.51169555087,440.07630704533096,28.9,-1.3,60.9,60.9,1002.5,1016.4722222222223,76.14444444444445,34.7,14.139166666666666,48.8,63
2024-02-08,London,Shanghai,19560.51169555087,440.07630704533096,28.5,-2.5,85.0,85.0,979.4,1011.1383333333334,74.19166666666666,45.5,15.30861111111111,66.3,63
2024-02-09,London,Shanghai,19560.51169555087,440.07630704533096,29.4,-0.4,46.0,46.0,976.3,1006.8725,59.88888888888889,31.9,15.643888888888888,45.1,63
2024-02-10,London,Shanghai,19560.51169555087,440.07630704533096,29.0,1.6,22.099999999999998,22.099999999999998,979.7,1009.0047222222222,50.97222222222222,30.2,14.369166666666667,41.4,63
2024-02-11,London,Shanghai,19560.51169555087,440.07630704533096,29.2,3.2,46.7,46.7,982.4,1011.8772222222221,51.42777777777778,34.6,14.947222222222223,48.4,63
2024-02-12,London,Shanghai,19560.51169555087,440.07630704533096,29.0,2.0,31.6,31.6,998.7,1014.8088888888889,56.63333333333333,30.6,13.758611111111112,41.4,63
2024-02-13,London,Shanghai,19560.51169555087,440.07630704533096,29.3,4.2,20.900000000000002,20.900000000000002,1006.8,1015.6822222222222,62.18055555555556,26.3,14.57,36.3,63
2024-02-14,London,Shanghai,19560.51169555087,440.07630704533096,29.0,10.3,39.8,39.8,1008.5,1015.5022222222221,68.16388888888888,26.9,13.106666666666666,36.2,63
2024-02-15,London,Shanghai,19560.51169555087,440.07630704533096,28.9,1.3,53.1,53.1,1005.7,1015.2361111111111,68.93888888888888,28.0,13.09611111111111,36.5,63
2024-02-16,London,Shanghai,19560.51169555087,440.07630704533096,29.2,2.1,9.0,9.0,1006.0,1017.9927777777777,66.2388888888889,25.6,12.800277777777778,34.2,61
2024-02-17,London,Shanghai,19560.51169555087,440.07630704533096,29.0,5.6,6.1000000000000005,6.1000000000000005,1009.1,1021.2022222222222,63.075,21.0,10.601666666666667,27.4,55
2024-02-18,London,Shanghai,19560.51169555087,440.07630704533096,29.3,7.8,47.4,47.4,1007.7,1021.0227777777778,50.41111111111111,25.7,11.734444444444444,33.0,63
2024-02-19,London,Shanghai,19560.51169555087,440.07630704533096,28.9,6.2,9.0,9.0,1009.1,1021.7519444444445,65.25277777777778,23.6,10.79,30.1,61
2024-02-20,London,Shanghai,19560.51169555087,440.07630704533096,29.3,5.5,32.2,32.2,1008.3,1020.3069444444445,58.23055555555556,23.8,10.527222222222223,32.1,63
2024-02-21,London,Shanghai,19560.51169555087,440.07630704533096,28.8,2.0,51.6,51.6,998.4,1016.4188888888889,60.522222222222226,29.3,12.757777777777779,39.7,63
2024-02-22,London,Shanghai,19560.51169555087,440.07630704533096,29.2,0.5,59.5,59.5,974.9,1012.0072222222223,63.80833333333333,37.0,14.726944444444445,51.9,63
2024-02-23,London,Shanghai,19560.51169555087,440.07630704533096,29.3,0.8,57.9,57.4,984.1,1011.5094444444444,65.58888888888889,33.1,15.361666666666668,44.9,73
2024-02-24,London,Shanghai,19560.51169555087,440.07630704533096,29.8,-1.5,41.1,41.0,990.5,1013.1519444444444,56.738888888888894,32.7,13.110277777777778,45.1,71
2024-02-25,London,Shanghai,19560.51169555087,440.07630704533096,29.7,-0.1,41.7,41.7,984.1,1011.715,66.9,33.6,15.628333333333334,47.8,63
2024-02-26,London,Shanghai,19560.51169555087,440.07630704533096,29.9,2.2,48.4,48.4,988.8,1013.3780555555555,68.76111111111112,38.2,17.76638888888889,54.6,63
2024-02-27,London,Shanghai,19560.51169555087,440.07630704533096,29.2,1.9,33.0,33.0,1005.0,1017.6627777777778,71.37777777777778,25.4,12.290555555555555,35.4,63
2024-02-28,London,Shanghai,19560.51169555087,440.07630704533096,29.1,5.6,40.6,40.6,1005.6,1016.8383333333334,77.12777777777778,23.7,12.379166666666666,31.3,63
2024-02-29,London,Shanghai,19560.51169555087,440.07630704533096,29.2,2.3,75.8,75.8,1000.5,1013.6855555555555,71.00555555555555,31.4,14.764444444444445,41.4,63
2024-03-01,London,Shanghai,19560.51169555087,440.07630704533096,29.1,-1.6,58.9,57.1,989.6,1011.6066666666667,66.56944444444444,38.0,17.151944444444446,52.9,75
2024-03-02,London,Shanghai,19560.51169555087,440.07630704533096,28.8,0.5,47.3,46.5,987.6,1010.5436111111111,53.85,30.8,15.070833333333333,43.5,73
2024-03-03,London,Shanghai,19560.51169555087,440.07630704533096,28.8,-0.9,26.0,26.0,996.9,1012.1747222222222,58.02222222222222,24.9,11.900277777777777,35.0,63
2024-03-04,London,Shanghai,19560.51169555087,440.07630704533096,29.2,-0.7,40.1,40.1,1003.5,1012.2038888888889,61.89444444444444,35.1,13.079722222222221,49.2,63
2024-03-05,London,Shanghai,19560.51169555087,440.07630704533096,29.0,3.9,62.7,61.300000000000004,1004.5,1013.6525,57.475,28.4,12.113333333333333,39.8,75
2024-03-06,London,Shanghai,19560.51169555087,440.07630704533096,28.9,1.7,8.1,8.1,1006.7,1016.7108333333333,46.17777777777778,26.5,11.673333333333336,36.2,61
2024-03-07,London,Shanghai,19560.51169555087,440.07630704533096,28.8,3.0,22.099999999999998,22.099999999999998,997.5,1015.2744444444445,48.83611111111111,25.1,11.694444444444445,35.0,63
2024-03-08,London,Shanghai,19560.51169555087,440.07630704533096,29.3,1.0,16.9,16.9,985.0,1012.3044444444445,58.136111111111106,31.4,12.7825,48.6,63
2024-03-09,London,Shanghai,19560.51169555087,440.07630704533096,29.0,1.2,68.7,68.7,983.0,1009.2511111111111,67.44722222222222,32.5,12.547500000000001,43.7,63
2024-03-10,London,Shanghai,19560.51169555087,440.07630704533096,29.9,6.1,42.800000000000004,42.800000000000004,988.3,1011.1405555555556,54.13333333333333,26.5,11.988333333333333,37.1,63
2024-03-11,London,Shanghai,19560.51169555087,440.07630704533096,29.3,6.7,29.4,29.4,999.0,1014.7558333333333,51.330555555555556,27.7,12.242222222222221,36.3,63
2024-03-12,London,Shanghai,19560.51169555087,440.07630704533096,28.8,1.5,38.9,38.9,1009.2,1016.77,55.647222222222226,27.8,13.143611111111111,36.7,63
2024-03-13,London,Shanghai,19560.51169555087,440.07630704533096,28.9,5.6,1.5,1.5,1010.0,1016.1216666666667,61.85,25.2,12.46861111111111,33.2,51
2024-03-14,London,Shanghai,19560.51169555087,440.07630704533096,29.4,7.0,7.1000000000000005,7.1000000000000005,1003.7,1014.7574999999999,59.21111111111111,27.3,11.713333333333335,36.5,53
2024-03-15,London,Shanghai,19560.51169555087,440.07630704533096,29.1,9.4,15.3,15.3,1003.3,1015.3677777777777,63.88333333333333,27.9,13.076111111111112,36.0,61
2024-03-16,London,Shanghai,19560.51169555087,440.07630704533096,28.9,5.2,9.700000000000001,9.700000000000001,1009.7,1017.63,63.10555555555556,25.4,9.698055555555555,33.6,55
2024-03-17,London,Shanghai,19560.51169555087,440.07630704533096,28.9,6.4,22.1,22.1,1007.7,1016.3588888888888,64.52222222222223,23.1,11.482222222222223,30.7,61
2024-03-18,London,Shanghai,19560.51169555087,440.07630704533096,28.9,4.9,9.0,9.0,1007.9,1015.661388888889,58.85555555555556,27.1,10.87111111111111,36.0,63
2024-03-19,London,Shanghai,19560.51169555087,440.07630704533096,29.4,2.8,2.2,2.2,1008.2,1016.0513888888889,49.636111111111106,29.7,11.93361111111111,40.2,55
2024-03-20,London,Shanghai,19560.51169555087,440.07630704533096,30.0,3.9,4.1,4.1,1009.2,1017.1022222222222,48.75,25.4,10.1275,34.8,53
2024-03-21,London,Shanghai,19560.51169555087,440.07630704533096,29.8,5.9,8.700000000000001,8.700000000000001,1007.5,1017.463611111111,53.25277777777777,22.0,11.446111111111112,31.1,63
2024-03-22,London,Shanghai,19560.51169555087,440.07630704533096,29.9,5.1,9.5,9.5,1005.3,1014.1913888888888,60.391666666666666,25.3,11.758055555555556,34.8,55
2024-03-23,London,Shanghai,19560.51169555087,440.07630704533096,30.2,3.4,12.4,11.8,1005.2,1013.3236111111111,62.25277777777777,29.4,11.779166666666667,38.5,73
2024-03-24,London,Shanghai,19560.51169555087,440.07630704533096,29.2,4.1,11.4,11.4,1005.4,1012.1908333333333,66.11666666666666,23.7,11.586388888888889,31.3,61
2024-03-25,London,Shanghai,19560.51169555087,440.07630704533096,29.7,3.2,41.2,41.2,990.2,1008.7883333333333,70.28055555555555,27.4,11.1225,37.5,63
2024-03-26,London,Shanghai,19560.51169555087,440.07630704533096,29.8,6.2,63.800000000000004,63.800000000000004,982.3,1007.276388888889,72.73055555555555,32.4,10.97777777777778,43.0,63
2024-03-27,London,Shanghai,19560.51169555087,440.07630704533096,30.2,5.1,47.8,47.8,973.9,1005.0519444444445,66.1888888888889,35.8,14.116666666666667,49.6,63
2024-03-28,London,Shanghai,19560.51169555087,440.07630704533096,30.0,4.6,47.599999999999994,46.599999999999994,973.1,1004.0427777777778,64.08611111111111,39.1,15.361944444444445,53.1,73
2024-03-29,London,Shanghai,19560.51169555087,440.07630704533096,29.6,6.7,24.2,24.2,983.8,1006.0605555555555,50.25555555555556,31.5,12.24611111111111,42.8,63
2024-03-30,London,Shanghai,19560.51169555087,440.07630704533096,29.9,3.8,38.900000000000006,38.900000000000006,987.9,1006.6052777777778,61.36111111111111,27.4,10.235555555555555,37.5,63
2024-03-31,London,Shanghai,19560.51169555087,440.07630704533096,29.9,5.1,114.10000000000001,114.10000000000001,989.1,1006.8611111111111,70.83333333333333,27.9,10.938055555555556,39.7,65
2024-04-01,London,Shanghai,19560.51169555087,440.07630704533096,29.8,6.7,35.2,35.2,990.0,1008.9358333333333,52.363888888888894,31.0,11.838611111111112,41.6,63
2024-04-02,London,Shanghai,19560.51169555087,440.07630704533096,30.1,8.0,73.0,73.0,998.3,1009.6944444444445,58.17777777777778,33.4,12.829722222222221,47.8,63
2024-04-03,London,Shanghai,19560.51169555087,440.07630704533096,30.2,9.6,27.400000000000002,27.400000000000002,997.4,1010.8583333333333,54.575,30.0,12.177222222222222,40.0,63
2024-04-04,London,Shanghai,19560.51169555087,440.07630704533096,30.3,8.5,36.4,36.4,999.3,1012.4544444444444,65.69166666666666,35.6,12.877222222222223,49.8,65
2024-04-05,London,Shanghai,19560.51169555087,440.07630704533096,30.2,10.7,18.4,18.4,998.1,1012.3483333333334,63.93055555555556,34.6,12.649166666666668,46.1,61
2024-04-06,London,Shanghai,19560.51169555087,440.07630704533096,30.1,11.0,13.2,13.2,998.6,1011.2547222222222,68.29166666666667,33.1,13.116111111111111,45.5,63
2024-04-07,London,Shanghai,19560.51169555087,440.07630704533096,30.2,9.8,22.7,22.7,1005.0,1011.8294444444444,54.03055555555556,26.8,12.9,40.2,63
2024-04-08,London,Shanghai,19560.51169555087,440.07630704533096,30.5,8.7,33.0,33.0,1000.2,1011.0919444444444,63.266666666666666,39.9,12.483333333333333,55.4,65
2024-04-09,London,Shanghai,19560.51169555087,440.07630704533096,30.9,6.5,12.8,12.8,996.6,1015.0966666666667,56.108333333333334,36.5,14.5125,50.2,63
2024-04-10,London,Shanghai,19560.51169555087,440.07630704533096,29.8,4.6,25.400000000000002,25.400000000000002,1007.4,1019.2844444444444,62.71388888888888,28.5,12.14861111111111,38.1,63
2024-04-11,London,Shanghai,19560.51169555087,440.07630704533096,30.4,10.9,53.699999999999996,53.699999999999996,1007.2,1019.3747222222222,60.708333333333336,22.7,10.180833333333334,31.1,63
2024-04-12,London,Shanghai,19560.51169555087,440.07630704533096,30.5,9.8,40.599999999999994,40.599999999999994,1006.4,1018.9622222222222,59.577777777777776,20.6,9.774722222222222,27.0,65
2024-04-13,London,Shanghai,19560.51169555087,440.07630704533096,30.1,9.9,17.4,17.4,1005.1,1017.2444444444444,61.14444444444445,21.0,9.420555555555556,27.4,63
2024-04-14,London,Shanghai,19560.51169555087,440.07630704533096,30.0,7.1,43.5,43.5,1004.7,1016.2661111111112,61.75,17.1,8.639444444444445,21.6,65
2024-04-15,London,Shanghai,19560.51169555087,440.07630704533096,30.0,6.6,19.0,19.0,1004.2,1013.8316666666667,55.830555555555556,31.7,10.831388888888888,46.5,63
2024-04-16,London,Shanghai,19560.51169555087,440.07630704533096,30.1,4.8,23.599999999999998,23.4,1006.0,1012.7730555555555,60.81666666666667,29.9,9.831388888888888,42.8,71
2024-04-17,London,Shanghai,19560.51169555087,440.07630704533096,31.3,4.3,32.400000000000006,32.1,999.4,1011.6811111111111,54.775,30.1,11.816666666666666,39.8,73
2024-04-18,London,Shanghai,19560.51169555087,440.07630704533096,30.5,3.2,3.1,3.1,1005.3,1013.9930555555555,56.08888888888889,28.3,11.290555555555555,37.9,53
2024-04-19,London,Shanghai,19560.51169555087,440.07630704533096,30.5,7.5,38.5,38.5,1003.3,1012.4644444444444,59.891666666666666,32.7,12.805277777777778,46.3,65
2024-04-20,London,Shanghai,19560.51169555087,440.07630704533096,30.9,3.3,18.5,18.5,1005.0,1014.036388888889,58.61666666666667,28.5,12.642222222222221,39.3,63
2024-04-21,London,Shanghai,19560.51169555087,440.07630704533096,30.5,3.7,16.3,16.3,1005.4,1015.4988888888889,61.794444444444444,30.7,11.459444444444445,41.6,61
2024-04-22,London,Shanghai,19560.51169555087,440.07630704533096,30.5,3.0,39.4,39.4,1004.8,1015.276111111111,65.11666666666666,31.6,9.648888888888889,43.0,63
2024-04-23,London,Shanghai,19560.51169555087,440.07630704533096,33.0,4.8,27.0,27.0,1003.9,1013.5825,63.50833333333333,24.5,9.404444444444444,32.7,63
2024-04-24,London,Shanghai,19560.51169555087,440.07630704533096,34.4,2.5,20.400000000000002,20.400000000000002,1004.2,1012.145,75.825,30.4,9.876944444444444,40.8,63
2024-04-25,London,Shanghai,19560.51169555087,440.07630704533096,34.3,1.3,50.6,50.6,1001.4,1008.2930555555556,74.81666666666666,26.9,10.405555555555557,37.1,65
2024-04-26,London,Shanghai,19560.51169555087,440.07630704533096,30.5,2.1,65.4,65.4,1000.1,1007.0794444444443,78.80277777777778,21.5,10.036944444444446,28.8,65
2024-04-27,London,Shanghai,19560.51169555087,440.07630704533096,30.9,6.7,90.8,90.8,998.6,1007.5627777777778,65.225,20.5,10.687222222222223,27.0,65
2024-04-28,London,Shanghai,19560.51169555087,440.07630704533096,30.7,6.3,38.0,38.0,996.8,1009.9166666666666,53.35,36.9,10.798055555555555,50.2,63
2024-04-29,London,Shanghai,19560.51169555087,440.07630704533096,30.8,5.8,22.200000000000003,22.200000000000003,1005.1,1012.2952777777778,45.275,24.9,10.981666666666666,33.2,63
2024-04-30,London,Shanghai,19560.51169555087,440.07630704533096,30.4,7.3,79.1,79.1,1002.5,1010.6058333333333,60.36111111111111,24.1,11.756666666666666,33.2,63
2024-05-01,London,Shanghai,19560.51169555087,440.07630704533096,31.0,8.1,42.599999999999994,42.599999999999994,1000.9,1010.391388888889,64.31111111111112,23.9,9.950833333333332,31.3,63
2024-05-02,London,Shanghai,19560.51169555087,440.07630704533096,30.2,10.3,34.5,34.5,998.8,1010.6075000000001,51.202777777777776,21.8,11.096944444444444,28.4,63
2024-05-03,London,Shanghai,19560.51169555087,440.07630704533096,31.6,8.6,57.5,57.5,1004.7,1012.2988888888889,56.78055555555556,30.4,12.040833333333333,43.2,63
2024-05-04,London,Shanghai,19560.51169555087,440.07630704533096,31.1,6.9,61.5,61.5,1006.3,1011.4308333333333,59.34166666666667,28.0,9.563055555555556,37.7,63
2024-05-05,London,Shanghai,19560.51169555087,440.07630704533096,30.9,6.1,24.200000000000003,24.200000000000003,1005.5,1010.4475,45.59722222222222,27.8,8.6625,36.2,63
2024-05-06,London,Shanghai,19560.51169555087,440.07630704533096,30.7,7.8,28.200000000000003,28.200000000000003,1005.0,1011.8358333333333,60.025,19.8,8.924166666666666,26.0,63
2024-05-07,London,Shanghai,19560.51169555087,440.07630704533096,30.4,8.3,8.4,8.4,1007.3,1015.8836111111111,51.863888888888894,19.5,7.970277777777778,25.9,63
2024-05-08,London,Shanghai,19560.51169555087,440.07630704533096,30.9,8.0,27.4,27.4,1006.1,1017.2072222222222,60.55555555555556,24.1,9.81388888888889,31.7,63
2024-05-09,London,Shanghai,19560.51169555087,440.07630704533096,34.1,9.2,7.3,7.3,1004.6,1015.4827777777778,58.06111111111111,23.1,9.768055555555556,29.9,61
2024-05-10,London,Shanghai,19560.51169555087,440.07630704533096,34.1,10.0,9.2,9.2,1002.5,1013.9402777777777,66.48333333333333,24.4,9.395555555555555,33.6,63
2024-05-11,London,Shanghai,19560.51169555087,440.07630704533096,30.9,9.3,23.400000000000002,23.400000000000002,1006.9,1013.8022222222222,52.35277777777778,17.8,8.811666666666667,25.7,63
2024-05-12,London,Shanghai,19560.51169555087,440.07630704533096,31.7,12.1,35.2,35.2,1006.1,1012.7983333333334,66.68333333333334,23.1,8.50388888888889,31.9,63
2024-05-13,London,Shanghai,19560.51169555087,440.07630704533096,31.0,10.9,23.7,23.7,1000.5,1010.9205555555557,60.78888888888889,25.7,11.814722222222223,34.2,61
2024-05-14,London,Shanghai,19560.51169555087,440.07630704533096,30.9,11.6,30.6,30.6,998.3,1009.2305555555556,46.93611111111111,23.6,11.472222222222223,32.7,63
2024-05-15,London,Shanghai,19560.51169555087,440.07630704533096,30.8,8.8,32.0,32.0,1000.8,1010.6238888888889,49.702777777777776,25.2,10.675555555555555,34.2,63
2024-05-16,London,Shanghai,19560.51169555087,440.07630704533096,30.9,9.6,45.0,45.0,1004.2,1010.9125,55.84722222222222,25.8,9.716111111111111,35.0,63
2024-05-17,London,Shanghai,19560.51169555087,440.07630704533096,31.4,9.2,21.2,21.2,1005.1,1011.3161111111111,55.97222222222222,19.7,8.077499999999999,26.2,63
2024-05-18,London,Shanghai,19560.51169555087,440.07630704533096,33.9,11.3,60.2,60.2,1004.5,1011.2533333333333,64.33888888888889,21.0,9.03361111111111,27.4,63
2024-05-19,London,Shanghai,19560.51169555087,440.07630704533096,35.6,8.7,71.5,71.5,1003.9,1010.7205555555556,64.16388888888889,22.9,10.314722222222223,31.1,63
2024-05-20,London,Shanghai,19560.51169555087,440.07630704533096,36.7,8.8,75.8,75.8,1003.2,1010.8416666666667,54.347222222222214,25.3,11.230555555555556,33.2,63
2024-05-21,London,Shanghai,19560.51169555087,440.07630704533096,35.5,9.8,65.0,65.0,1003.7,1011.3513888888889,70.88611111111112,24.2,9.827777777777778,32.5,63
2024-05-22,London,Shanghai,19560.51169555087,440.07630704533096,36.2,12.5,41.5,41.5,1003.4,1011.1375,65.41388888888889,26.6,10.889999999999999,37.5,63
2024-05-23,London,Shanghai,19560.51169555087,440.07630704533096,37.7,10.7,20.0,20.0,1002.5,1012.0569444444444,63.711111111111116,27.3,10.460277777777778,36.3,63
2024-05-24,London,Shanghai,19560.51169555087,440.07630704533096,32.1,7.3,9.100000000000001,9.100000000000001,1002.2,1013.0652777777777,52.43333333333333,28.0,9.124722222222223,37.7,61
2024-05-25,London,Shanghai,19560.51169555087,440.07630704533096,31.9,9.0,33.4,33.4,1003.1,1012.2377777777778,58.97222222222222,28.1,9.246666666666666,36.9,63
2024-05-26,London,Shanghai,19560.51169555087,440.07630704533096,33.8,11.5,51.099999999999994,51.099999999999994,1002.5,1011.0144444444445,54.56666666666667,24.5,10.496944444444445,31.5,65
2024-05-27,London,Shanghai,19560.51169555087,440.07630704533096,32.7,9.6,133.4,133.4,998.9,1011.4075,59.21944444444444,28.2,12.924722222222222,39.1,65
2024-05-28,London,Shanghai,19560.51169555087,440.07630704533096,32.4,9.8,88.0,88.0,1002.4,1011.9041666666667,63.16388888888889,26.3,13.545277777777779,34.8,65
2024-05-29,London,Shanghai,19560.51169555087,440.07630704533096,32.0,12.0,38.7,38.7,1001.9,1010.9183333333333,61.25833333333333,25.5,12.457777777777778,34.6,63
2024-05-30,London,Shanghai,19560.51169555087,440.07630704533096,31.7,11.1,42.4,42.4,1002.5,1010.5063888888889,68.25277777777778,22.6,10.606388888888889,29.4,63
2024-05-31,London,Shanghai,19560.51169555087,440.07630704533096,31.5,11.2,68.30000000000001,68.30000000000001,1004.2,1012.7655555555556,58.51388888888889,25.7,12.529444444444444,34.2,65
2024-06-01,London,Shanghai,19560.51169555087,440.07630704533096,34.0,8.9,94.2,94.2,1003.3,1015.0727777777778,61.99166666666667,26.0,12.375833333333333,34.0,63
2024-06-02,London,Shanghai,19560.51169555087,440.07630704533096,32.2,8.0,50.5,50.5,1003.1,1015.0927777777778,51.891666666666666,25.4,11.524166666666668,34.6,63
2024-06-03,London,Shanghai,19560.51169555087,440.07630704533096,33.4,10.5,7.4,7.4,1003.4,1013.7708333333334,54.330555555555556,24.2,9.812777777777777,31.7,63
2024-06-04,London,Shanghai,19560.51169555087,440.07630704533096,35.5,12.4,10.0,10.0,1001.7,1011.9533333333333,60.011111111111106,22.6,10.283333333333333,30.9,61
2024-06-05,London,Shanghai,19560.51169555087,440.07630704533096,37.1,6.3,81.0,81.0,1000.9,1012.4563888888889,57.13888888888889,23.8,8.902777777777777,31.7,65
2024-06-06,London,Shanghai,19560.51169555087,440.07630704533096,38.1,8.7,1.2000000000000002,1.2000000000000002,1003.2,1013.0477777777777,57.397222222222226,23.5,9.523055555555555,31.9,51
2024-06-07,London,Shanghai,19560.51169555087,440.07630704533096,39.3,7.5,6.4,6.4,1002.6,1012.3741666666666,47.28333333333333,24.6,10.946666666666667,34.6,61
2024-06-08,London,Shanghai,19560.51169555087,440.07630704533096,38.0,9.6,19.7,19.7,1001.1,1010.5219444444444,50.46666666666667,24.2,10.570277777777779,31.5,65
2024-06-09,London,Shanghai,19560.51169555087,440.07630704533096,35.0,6.4,14.8,14.8,1000.9,1010.5863888888889,57.625,21.0,10.424722222222222,27.0,63
2024-06-10,London,Shanghai,19560.51169555087,440.07630704533096,35.6,8.2,40.8,40.8,1002.6,1010.7083333333334,64.54166666666667,22.0,11.101388888888888,29.2,63
2024-06-11,London,Shanghai,19560.51169555087,440.07630704533096,34.8,6.7,46.3,46.3,1002.4,1012.0855555555555,51.833333333333336,21.3,10.186388888888889,27.4,65
2024-06-12,London,Shanghai,19560.51169555087,440.07630704533096,35.1,7.6,56.5,56.5,1002.3,1013.0688888888889,48.84722222222222,20.8,9.700555555555555,27.2,65
2024-06-13,London,Shanghai,19560.51169555087,440.07630704533096,36.9,7.2,56.7,56.7,1002.4,1011.1872222222222,61.96111111111111,25.5,11.037222222222223,34.2,65
2024-06-14,London,Shanghai,19560.51169555087,440.07630704533096,39.7,11.6,28.3,28.3,998.6,1007.8797222222222,54.48055555555556,26.2,12.017222222222221,35.4,63
2024-06-15,London,Shanghai,19560.51169555087,440.07630704533096,39.9,9.7,55.099999999999994,55.099999999999994,997.2,1007.313888888889,53.74444444444444,32.0,13.559166666666666,44.3,63
2024-06-16,London,Shanghai,19560.51169555087,440.07630704533096,35.8,10.7,102.10000000000001,102.10000000000001,1000.2,1008.1547222222222,64.97222222222223,24.7,12.844166666666666,33.0,65
2024-06-17,London,Shanghai,19560.51169555087,440.07630704533096,34.2,9.9,127.79999999999998,127.79999999999998,1001.1,1009.6508333333334,56.077777777777776,22.6,10.424444444444445,31.9,65
2024-06-18,London,Shanghai,19560.51169555087,440.07630704533096,34.3,11.5,20.9,20.9,1001.3,1010.5069444444445,57.983333333333334,22.2,9.829444444444444,29.0,63
2024-06-19,London,Shanghai,19560.51169555087,440.07630704533096,34.5,11.1,47.4,47.4,999.5,1011.48,58.825,22.8,12.459166666666667,29.7,63
2024-06-20,London,Shanghai,19560.51169555087,440.07630704533096,36.0,8.2,26.799999999999997,26.799999999999997,999.6,1011.5041666666667,49.152777777777786,22.3,11.621944444444443,30.7,65
2024-06-21,London,Shanghai,19560.51169555087,440.07630704533096,37.3,10.4,41.800000000000004,41.800000000000004,999.1,1010.3833333333333,55.11944444444444,25.6,11.58222222222222,33.6,63
2024-06-22,London,Shanghai,19560.51169555087,440.07630704533096,37.1,13.7,79.5,79.5,998.7,1009.7952777777778,57.11388888888889,25.2,12.263055555555555,35.2,65
2024-06-23,London,Shanghai,19560.51169555087,440.07630704533096,38.7,10.7,41.5,41.5,1000.2,1010.8188888888889,57.358333333333334,25.0,11.006388888888889,34.2,63
2024-06-24,London,Shanghai,19560.51169555087,440.07630704533096,37.6,14.1,17.4,17.4,1000.1,1010.9419444444444,50.761111111111106,29.5,10.293055555555556,38.3,61
2024-06-25,London,Shanghai,19560.51169555087,440.07630704533096,36.9,13.0,94.2,94.2,999.6,1010.2713888888889,45.636111111111106,27.4,10.505555555555556,38.9,65
2024-06-26,London,Shanghai,19560.51169555087,440.07630704533096,35.5,14.4,79.6,79.6,999.3,1009.6925,53.57222222222222,26.1,10.728611111111112,35.8,63
2024-06-27,London,Shanghai,19560.51169555087,440.07630704533096,36.5,14.4,36.6,36.6,999.3,1009.7638888888889,64.79166666666667,28.1,11.915277777777778,37.9,63
2024-06-28,London,Shanghai,19560.51169555087,440.07630704533096,37.6,12.1,40.1,40.1,999.2,1010.8199999999999,52.7,25.8,12.898888888888887,33.8,63
2024-06-29,London,Shanghai,19560.51169555087,440.07630704533096,36.9,10.2,20.700000000000003,20.700000000000003,998.8,1009.6227777777779,62.28055555555555,24.9,11.694999999999999,33.2,63
2024-06-30,London,Shanghai,19560.51169555087,440.07630704533096,35.2,14.9,79.5,79.5,1000.2,1009.7547222222222,61.19444444444444,25.7,11.270277777777778,33.0,65
2024-07-01,London,Shanghai,19560.51169555087,440.07630704533096,36.9,12.8,21.6,21.6,998.5,1010.9561111111111,68.13333333333334,24.6,12.734444444444444,31.7,63
2024-07-02,London,Shanghai,19560.51169555087,440.07630704533096,36.5,12.8,16.5,16.5,999.9,1011.083611111111,53.17777777777778,28.8,12.741388888888888,38.5,63
2024-07-03,London,Shanghai,19560.51169555087,440.07630704533096,36.8,12.7,13.5,13.5,1000.8,1009.8558333333333,52.75,29.0,13.257222222222222,37.9,61
2024-07-04,London,Shanghai,19560.51169555087,440.07630704533096,38.0,12.4,2.4,2.4,1002.1,1009.8202777777777,38.98611111111111,27.9,13.74,37.5,53
2024-07-05,London,Shanghai,19560.51169555087,440.07630704533096,36.2,13.5,40.1,40.1,999.8,1008.6783333333333,53.93611111111112,25.4,12.494166666666667,33.2,63
2024-07-06,London,Shanghai,19560.51169555087,440.07630704533096,37.1,10.7,41.0,41.0,995.8,1007.7755555555556,45.84722222222222,30.7,14.789722222222222,41.4,63
2024-07-07,London,Shanghai,19560.51169555087,440.07630704533096,36.9,10.1,29.0,29.0,1000.0,1009.1441666666667,45.822222222222216,24.5,12.976111111111111,33.6,63
2024-07-08,London,Shanghai,19560.51169555087,440.07630704533096,36.8,8.9,56.4,56.4,999.1,1009.3161111111111,53.272222222222226,25.3,11.481944444444444,34.4,63
2024-07-09,London,Shanghai,19560.51169555087,440.07630704533096,37.1,15.0,49.0,49.0,1000.0,1008.9355555555555,59.65555555555556,23.0,11.500277777777777,32.5,63
2024-07-10,London,Shanghai,19560.51169555087,440.07630704533096,38.6,14.2,40.2,40.2,1000.6,1010.2877777777778,54.78611111111111,23.3,11.556666666666667,30.3,63
2024-07-11,London,Shanghai,19560.51169555087,440.07630704533096,39.9,11.7,69.6,69.6,1000.9,1010.8805555555556,53.03888888888889,22.8,10.731944444444444,30.3,65
2024-07-12,London,Shanghai,19560.51169555087,440.07630704533096,39.4,13.0,38.8,38.8,1000.4,1010.0558333333333,57.516666666666666,22.1,11.361111111111112,28.8,63
2024-07-13,London,Shanghai,19560.51169555087,440.07630704533096,38.0,11.0,42.0,42.0,1000.7,1009.1458333333334,53.94444444444444,23.1,11.506944444444446,30.3,63
2024-07-14,London,Shanghai,19560.51169555087,440.07630704533096,37.1,10.1,60.0,60.0,1000.0,1009.1763888888889,55.31666666666667,26.3,12.175833333333333,35.2,65
2024-07-15,London,Shanghai,19560.51169555087,440.07630704533096,36.9,10.9,32.1,32.1,999.9,1008.7052777777777,57.833333333333336,28.8,12.9625,38.3,63
2024-07-16,London,Shanghai,19560.51169555087,440.07630704533096,37.3,14.0,14.100000000000001,14.100000000000001,1000.0,1009.8191666666667,51.68611111111111,24.8,13.448888888888888,33.4,61
2024-07-17,London,Shanghai,19560.51169555087,440.07630704533096,37.7,11.7,28.4,28.4,1001.4,1011.9894444444445,55.08611111111111,25.4,10.390833333333331,35.4,63
2024-07-18,London,Shanghai,19560.51169555087,440.07630704533096,37.2,12.1,4.4,4.4,1000.6,1011.9916666666667,53.53333333333333,26.0,10.722222222222221,35.4,53
2024-07-19,London,Shanghai,19560.51169555087,440.07630704533096,37.4,14.6,1.9,1.9,1000.2,1010.5602777777779,50.32222222222222,23.8,10.28,31.9,53
2024-07-20,London,Shanghai,19560.51169555087,440.07630704533096,38.0,15.7,15.799999999999999,15.799999999999999,999.8,1008.3133333333334,54.60277777777778,23.4,11.560555555555556,29.9,63
2024-07-21,London,Shanghai,19560.51169555087,440.07630704533096,39.0,15.4,10.200000000000001,10.200000000000001,1000.8,1009.5552777777777,52.00555555555556,22.3,11.695555555555556,31.1,61
2024-07-22,London,Shanghai,19560.51169555087,440.07630704533096,38.5,12.8,9.6,9.6,1001.9,1010.7991666666666,51.516666666666666,27.6,13.714166666666667,36.3,55
2024-07-23,London,Shanghai,19560.51169555087,440.07630704533096,38.6,16.2,12.9,12.9,996.2,1010.9694444444444,42.925,24.4,13.247222222222224,32.7,61
2024-07-24,London,Shanghai,19560.51169555087,440.07630704533096,38.6,14.0,112.7,112.7,986.8,1009.313888888889,54.863888888888894,33.5,14.256388888888889,45.1,65
2024-07-25,London,Shanghai,19560.51169555087,440.07630704533096,39.7,15.9,194.5,194.5,986.4,1005.8597222222222,61.077777777777776,38.9,16.598055555555554,53.1,65
2024-07-26,London,Shanghai,19560.51169555087,440.07630704533096,36.7,13.1,57.3,57.3,992.7,1007.3647222222222,63.1,32.8,14.391944444444444,46.3,63
2024-07-27,London,Shanghai,19560.51169555087,440.07630704533096,35.9,12.7,27.3,27.3,1003.2,1010.9252777777779,61.33888888888889,26.2,12.7275,38.7,63
2024-07-28,London,Shanghai,19560.51169555087,440.07630704533096,35.8,11.5,14.9,14.9,1002.9,1013.1422222222222,43.59444444444444,24.9,12.625,32.9,63
2024-07-29,London,Shanghai,19560.51169555087,440.07630704533096,37.0,13.0,23.7,23.7,1001.4,1011.3433333333334,32.355555555555554,26.2,11.293055555555556,34.0,63
2024-07-30,London,Shanghai,19560.51169555087,440.07630704533096,36.7,15.2,8.4,8.4,1000.6,1010.1905555555555,39.39444444444444,23.0,11.196111111111112,30.1,61
2024-07-31,London,Shanghai,19560.51169555087,440.07630704533096,37.4,17.8,12.5,12.5,1002.3,1010.2527777777777,41.98055555555555,21.6,10.582777777777778,28.2,61
2024-08-01,London,Shanghai,19560.51169555087,440.07630704533096,38.2,17.3,21.8,21.8,1001.6,1010.0855555555555,37.775,24.2,10.30888888888889,31.9,63
2024-08-02,London,Shanghai,19560.51169555087,440.07630704533096,39.1,16.6,9.4,9.4,1002.7,1009.9458333333333,35.09166666666667,24.7,10.803055555555554,35.0,61
2024-08-03,London,Shanghai,19560.51169555087,440.07630704533096,39.8,15.6,28.3,28.3,1003.5,1009.9347222222223,53.952777777777776,21.1,10.975833333333332,28.2,63
2024-08-04,London,Shanghai,19560.51169555087,440.07630704533096,39.5,12.4,33.5,33.5,1002.8,1010.5227777777778,53.93333333333333,23.7,9.635,31.1,65
2024-08-05,London,Shanghai,19560.51169555087,440.07630704533096,37.2,13.8,13.200000000000001,13.200000000000001,1002.5,1009.463888888889,44.86944444444444,21.0,9.2475,27.0,61
2024-08-06,London,Shanghai,19560.51169555087,440.07630704533096,37.7,15.0,6.7,6.7,1003.2,1008.8394444444444,43.91111111111111,24.5,9.953333333333331,38.5,61
2024-08-07,London,Shanghai,19560.51169555087,440.07630704533096,37.5,11.6,10.0,10.0,1003.7,1009.9461111111111,47.81944444444444,24.2,9.836388888888889,32.7,63
2024-08-08,London,Shanghai,19560.51169555087,440.07630704533096,38.4,12.4,14.0,14.0,1002.1,1010.6986111111111,49.40833333333333,23.8,10.28361111111111,32.9,61
2024-08-09,London,Shanghai,19560.51169555087,440.07630704533096,39.0,15.4,13.600000000000001,13.600000000000001,1001.0,1011.01,54.56388888888889,25.0,10.778333333333334,32.7,63
2024-08-10,London,Shanghai,19560.51169555087,440.07630704533096,38.3,14.0,22.1,22.1,999.2,1011.5133333333334,41.86111111111111,23.1,10.34138888888889,30.3,63
2024-08-11,London,Shanghai,19560.51169555087,440.07630704533096,39.4,15.3,36.7,36.7,997.9,1009.9708333333333,36.35,22.6,9.97638888888889,29.9,65
2024-08-12,London,Shanghai,19560.51169555087,440.07630704533096,36.9,17.4,52.2,52.2,1000.7,1008.1694444444444,37.92777777777778,20.1,10.140277777777778,28.2,65
2024-08-13,London,Shanghai,19560.51169555087,440.07630704533096,36.7,13.8,39.4,39.4,1001.9,1008.7611111111111,56.31944444444444,24.5,11.417777777777777,32.3,63
2024-08-14,London,Shanghai,19560.51169555087,440.07630704533096,35.9,16.6,43.199999999999996,43.199999999999996,1002.9,1010.1702777777778,56.983333333333334,23.7,10.871666666666668,30.9,63
2024-08-15,London,Shanghai,19560.51169555087,440.07630704533096,36.6,13.4,36.4,36.4,1002.2,1010.815,53.02777777777778,25.7,11.19,35.2,63
2024-08-16,London,Shanghai,19560.51169555087,440.07630704533096,37.3,14.4,46.3,46.3,1001.9,1010.6741666666668,55.31111111111111,22.6,9.889166666666666,30.9,63
2024-08-17,London,Shanghai,19560.51169555087,440.07630704533096,38.2,11.3,40.3,40.3,1001.7,1010.3847222222223,51.575,22.8,10.435,33.2,63
2024-08-18,London,Shanghai,19560.51169555087,440.07630704533096,37.5,12.4,27.0,27.0,1002.4,1010.1113888888889,49.11111111111111,20.9,11.034166666666666,27.0,61
2024-08-19,London,Shanghai,19560.51169555087,440.07630704533096,36.4,11.3,59.9,59.9,1002.5,1010.1983333333334,50.602777777777774,26.1,12.154166666666667,36.0,65
2024-08-20,London,Shanghai,19560.51169555087,440.07630704533096,36.4,14.1,48.1,48.1,1002.1,1009.9363888888889,57.68611111111111,25.8,13.7175,35.2,63
2024-08-21,London,Shanghai,19560.51169555087,440.07630704533096,36.8,11.4,26.8,26.8,1002.0,1011.635,56.10555555555556,28.4,12.586388888888887,39.1,65
2024-08-22,London,Shanghai,19560.51169555087,440.07630704533096,35.8,15.4,6.2,6.2,1002.2,1009.8855555555555,48.8,30.5,12.196388888888889,42.0,61
2024-08-23,London,Shanghai,19560.51169555087,440.07630704533096,36.4,15.0,34.2,34.2,998.2,1009.8091666666666,50.36666666666667,31.5,11.650277777777777,42.8,65
2024-08-24,London,Shanghai,19560.51169555087,440.07630704533096,35.5,12.2,82.0,82.0,1002.0,1010.2113888888889,45.78333333333333,27.6,9.574722222222222,40.4,65
2024-08-25,London,Shanghai,19560.51169555087,440.07630704533096,35.6,10.1,5.9,5.9,1004.8,1012.5641666666667,41.875,24.8,9.993888888888888,33.0,55
2024-08-26,London,Shanghai,19560.51169555087,440.07630704533096,38.6,13.9,8.3,8.3,1001.5,1011.8888888888889,43.69444444444444,22.4,10.868055555555554,30.9,61
2024-08-27,London,Shanghai,19560.51169555087,440.07630704533096,37.0,14.3,41.4,41.4,1000.7,1011.1844444444445,48.11666666666667,22.8,9.890833333333335,36.3,63
2024-08-28,London,Shanghai,19560.51169555087,440.07630704533096,32.5,12.7,36.5,36.5,1001.6,1010.8588888888888,58.84166666666667,20.1,8.643888888888888,28.8,65
2024-08-29,London,Shanghai,19560.51169555087,440.07630704533096,34.4,12.4,6.799999999999999,6.799999999999999,1004.4,1012.2675,42.275,21.7,9.498888888888889,28.2,63
2024-08-30,London,Shanghai,19560.51169555087,440.07630704533096,34.9,10.8,5.8999999999999995,5.8999999999999995,1003.5,1013.0902777777778,49.18888888888889,24.9,11.058333333333334,32.9,61
2024-08-31,London,Shanghai,19560.51169555087,440.07630704533096,35.4,13.1,15.6,15.6,1002.3,1012.5086111111111,58.24722222222223,22.6,10.41111111111111,31.7,63
2024-09-01,London,Shanghai,19560.51169555087,440.07630704533096,36.7,16.1,28.9,28.9,1004.4,1010.6211111111111,57.23611111111111,20.7,8.289722222222222,30.3,63
2024-09-02,London,Shanghai,19560.51169555087,440.07630704533096,36.9,17.5,21.599999999999998,21.599999999999998,1005.4,1010.8044444444444,52.09722222222222,23.3,11.074444444444445,30.7,63
2024-09-03,London,Shanghai,19560.51169555087,440.07630704533096,34.5,14.7,13.399999999999999,13.399999999999999,1002.0,1011.4777777777778,51.30833333333333,21.2,11.685833333333333,39.1,61
2024-09-04,London,Shanghai,19560.51169555087,440.07630704533096,33.5,13.6,64.9,64.9,1000.0,1011.2641666666666,42.86666666666667,20.8,10.854166666666666,29.7,65
2024-09-05,London,Shanghai,19560.51169555087,440.07630704533096,35.1,13.8,62.6,62.6,1001.0,1009.3872222222222,52.68333333333333,24.4,11.439444444444444,35.0,63
2024-09-06,London,Shanghai,19560.51169555087,440.07630704533096,34.5,14.7,83.2,83.2,1004.6,1009.2677777777777,56.12777777777777,25.4,10.844722222222224,34.4,65
2024-09-07,London,Shanghai,19560.51169555087,440.07630704533096,34.8,12.7,46.1,46.1,1004.2,1010.4313888888888,59.12777777777777,24.3,10.013333333333332,31.3,63
2024-09-08,London,Shanghai,19560.51169555087,440.07630704533096,35.0,13.8,107.4,107.4,1002.6,1009.6969444444444,59.36944444444444,23.1,10.905833333333334,31.3,65
2024-09-09,London,Shanghai,19560.51169555087,440.07630704533096,34.9,11.6,17.8,17.8,1003.1,1010.7183333333334,49.55555555555556,30.3,12.834722222222222,41.2,63
2024-09-10,London,Shanghai,19560.51169555087,440.07630704533096,34.6,10.3,82.8,82.8,1002.1,1010.1730555555555,59.22222222222222,31.0,14.864166666666668,43.0,65
2024-09-11,London,Shanghai,19560.51169555087,440.07630704533096,36.3,8.1,20.9,20.9,1002.7,1010.6419444444443,44.74444444444444,24.2,13.020277777777778,32.1,63
2024-09-12,London,Shanghai,19560.51169555087,440.07630704533096,38.3,6.5,16.9,16.9,1002.2,1012.2919444444444,48.641666666666666,20.6,11.279166666666667,27.2,61
2024-09-13,London,Shanghai,19560.51169555087,440.07630704533096,33.2,5.7,15.2,15.2,1001.3,1014.2041666666667,40.202777777777776,29.7,12.241666666666667,40.0,61
2024-09-14,London,Shanghai,19560.51169555087,440.07630704533096,33.0,4.7,68.1,68.1,999.9,1014.4080555555555,52.358333333333334,30.3,13.6375,40.8,65
2024-09-15,London,Shanghai,19560.51169555087,440.07630704533096,34.0,8.1,44.5,44.5,992.9,1013.4347222222223,52.15555555555556,30.4,12.9625,47.4,65
2024-09-16,London,Shanghai,19560.51169555087,440.07630704533096,33.7,10.9,53.1,53.1,986.7,1013.563888888889,59.48055555555556,29.6,13.028333333333334,50.2,63
2024-09-17,London,Shanghai,19560.51169555087,440.07630704533096,32.6,9.7,32.400000000000006,32.400000000000006,1002.3,1014.3072222222222,40.60555555555556,32.1,13.170833333333333,44.1,65
2024-09-18,London,Shanghai,19560.51169555087,440.07630704533096,32.8,13.0,24.0,24.0,1001.9,1013.026388888889,47.327777777777776,29.2,13.885833333333332,40.0,63
2024-09-19,London,Shanghai,19560.51169555087,440.07630704533096,32.7,14.5,40.400000000000006,40.400000000000006,1000.8,1011.3786111111111,47.43888888888888,26.6,12.4475,34.4,63
2024-09-20,London,Shanghai,19560.51169555087,440.07630704533096,38.4,13.5,77.2,77.2,1002.5,1011.4452777777777,52.7,23.2,10.07,31.3,65
2024-09-21,London,Shanghai,19560.51169555087,440.07630704533096,32.8,14.9,76.0,76.0,1003.0,1011.9911111111111,57.36666666666667,27.3,9.959166666666667,38.3,63
2024-09-22,London,Shanghai,19560.51169555087,440.07630704533096,32.1,15.0,114.6,114.6,1004.1,1011.9944444444444,68.87222222222222,24.9,11.225555555555555,36.2,63
2024-09-23,London,Shanghai,19560.51169555087,440.07630704533096,31.8,14.5,128.9,128.9,1002.3,1010.855,68.78333333333333,23.8,12.250277777777777,32.5,65
2024-09-24,London,Shanghai,19560.51169555087,440.07630704533096,32.4,11.8,29.9,29.9,1000.8,1010.4175,66.44166666666666,22.0,10.478611111111112,29.5,63
2024-09-25,London,Shanghai,19560.51169555087,440.07630704533096,32.0,10.6,55.1,55.1,989.8,1008.9827777777778,76.66944444444445,30.6,11.49,43.5,63
2024-09-26,London,Shanghai,19560.51169555087,440.07630704533096,32.2,11.4,64.7,64.7,983.1,1006.6319444444445,57.852777777777774,33.5,13.260555555555555,46.7,63
2024-09-27,London,Shanghai,19560.51169555087,440.07630704533096,32.0,6.9,45.7,45.7,990.0,1009.8419444444445,47.53888888888889,31.8,12.318055555555556,46.3,61
2024-09-28,London,Shanghai,19560.51169555087,440.07630704533096,32.2,4.5,15.8,15.8,1001.2,1014.8349999999999,42.75,26.3,10.650555555555554,34.6,63
2024-09-29,London,Shanghai,19560.51169555087,440.07630704533096,31.6,6.2,37.0,37.0,1001.9,1013.6963888888889,54.59444444444444,32.3,13.77888888888889,46.1,63
2024-09-30,London,Shanghai,19560.51169555087,440.07630704533096,31.5,12.0,82.2,82.2,997.9,1010.295,56.48055555555556,36.8,13.930833333333334,50.2,65
2024-10-01,London,Shanghai,19560.51169555087,440.07630704533096,30.7,10.6,96.19999999999999,96.19999999999999,999.9,1010.5780555555556,67.55,43.9,13.657777777777778,61.0,65
2024-10-02,London,Shanghai,19560.51169555087,440.07630704533096,30.4,10.9,92.3,92.3,1001.5,1012.0919444444445,62.863888888888894,45.1,14.288055555555555,65.1,63
2024-10-03,London,Shanghai,19560.51169555087,440.07630704533096,30.5,7.4,12.5,12.5,1004.5,1014.5341666666667,53.791666666666664,36.1,13.240833333333335,49.6,61
2024-10-04,London,Shanghai,19560.51169555087,440.07630704533096,31.5,5.8,41.7,41.7,1005.9,1014.9552777777777,59.25555555555556,29.8,10.319444444444445,41.4,63
2024-10-05,London,Shanghai,19560.51169555087,440.07630704533096,30.7,6.1,147.6,147.6,1004.7,1012.7808333333334,60.47777777777778,24.1,10.885,31.3,65
2024-10-06,London,Shanghai,19560.51169555087,440.07630704533096,30.8,11.8,297.1,297.1,995.4,1009.6963888888889,57.26944444444444,24.3,11.481666666666666,36.3,65
2024-10-07,London,Shanghai,19560.51169555087,440.07630704533096,30.6,11.6,110.1,110.1,993.9,1009.373611111111,61.02222222222222,29.3,13.046666666666665,39.5,65
2024-10-08,London,Shanghai,19560.51169555087,440.07630704533096,31.3,12.2,114.9,114.9,988.5,1009.0111111111111,63.916666666666664,31.6,13.609166666666665,43.9,65
2024-10-09,London,Shanghai,19560.51169555087,440.07630704533096,30.5,11.8,52.6,52.6,979.6,1006.6797222222223,57.575,35.5,11.951944444444445,52.3,65
2024-10-10,London,Shanghai,19560.51169555087,440.07630704533096,30.5,3.8,34.4,34.4,990.9,1010.6777777777777,47.84166666666667,21.5,10.939166666666667,28.4,63
2024-10-11,London,Shanghai,19560.51169555087,440.07630704533096,30.7,2.0,83.60000000000001,83.60000000000001,998.7,1012.8338888888889,43.6,28.6,10.917222222222222,37.7,63
2024-10-12,London,Shanghai,19560.51169555087,440.07630704533096,30.6,7.6,73.1,73.1,999.5,1011.9644444444444,54.78333333333333,27.3,11.338055555555554,37.5,63
2024-10-13,London,Shanghai,19560.51169555087,440.07630704533096,31.5,4.8,64.10000000000001,64.10000000000001,1006.1,1014.2661111111112,60.8,22.2,9.622777777777777,29.7,63
2024-10-14,London,Shanghai,19560.51169555087,440.07630704533096,31.9,7.8,81.39999999999999,81.39999999999999,1005.7,1013.1794444444444,59.75555555555555,22.9,9.291666666666666,31.3,63
2024-10-15,London,Shanghai,19560.51169555087,440.07630704533096,31.3,9.8,27.4,27.4,1000.3,1012.4141666666667,74.125,21.5,10.175277777777778,28.6,63
2024-10-16,London,Shanghai,19560.51169555087,440.07630704533096,31.2,14.4,70.8,70.8,999.2,1011.0313888888888,65.21944444444445,21.5,12.019444444444444,29.0,63
2024-10-17,London,Shanghai,19560.51169555087,440.07630704533096,30.8,9.3,18.2,18.2,1003.1,1013.4205555555556,54.358333333333334,25.7,11.578611111111112,35.4,63
2024-10-18,London,Shanghai,19560.51169555087,440.07630704533096,31.3,8.2,52.900000000000006,52.900000000000006,1005.3,1014.1319444444445,58.397222222222226,26.2,9.95861111111111,34.2,63
2024-10-19,London,Shanghai,19560.51169555087,440.07630704533096,30.5,10.0,40.199999999999996,40.199999999999996,1007.0,1014.8463888888889,68.60555555555555,28.2,12.415277777777778,37.7,63
2024-10-20,London,Shanghai,19560.51169555087,440.07630704533096,30.5,11.0,38.3,38.3,1006.5,1015.9236111111111,63.68888888888889,31.8,13.616111111111111,44.1,63
2024-10-21,London,Shanghai,19560.51169555087,440.07630704533096,30.6,9.6,56.8,56.8,1008.4,1018.1697222222223,56.225,25.1,10.223888888888888,33.4,63
2024-10-22,London,Shanghai,19560.51169555087,440.07630704533096,30.2,8.2,24.4,24.4,1007.3,1019.911388888889,52.06388888888889,33.2,12.646388888888888,46.1,63
2024-10-23,London,Shanghai,19560.51169555087,440.07630704533096,30.6,8.0,42.9,42.9,1006.3,1019.8413888888889,51.327777777777776,37.9,13.038611111111113,52.3,63
2024-10-24,London,Shanghai,19560.51169555087,440.07630704533096,30.6,9.7,20.7,20.7,1004.0,1016.1694444444444,50.96111111111111,40.2,14.586388888888887,54.0,63
2024-10-25,London,Shanghai,19560.51169555087,440.07630704533096,30.4,10.4,67.4,67.4,1003.2,1014.2277777777778,65.71388888888889,36.1,13.167499999999999,51.5,65
2024-10-26,London,Shanghai,19560.51169555087,440.07630704533096,30.7,8.4,171.70000000000002,171.70000000000002,1006.1,1014.4338888888889,63.59722222222222,25.6,10.520000000000001,34.2,65
2024-10-27,London,Shanghai,19560.51169555087,440.07630704533096,30.4,6.1,49.5,49.5,1005.7,1015.9663888888889,52.86944444444445,24.7,10.708888888888888,32.3,65
2024-10-28,London,Shanghai,19560.51169555087,440.07630704533096,30.3,11.2,38.0,38.0,1006.0,1016.6358333333334,65.59166666666667,26.9,13.312777777777777,36.0,63
2024-10-29,London,Shanghai,19560.51169555087,440.07630704533096,30.4,11.4,27.4,27.4,1007.4,1016.6388888888888,60.65833333333333,31.7,11.635833333333332,42.8,63
2024-10-30,London,Shanghai,19560.51169555087,440.07630704533096,30.9,7.4,43.0,43.0,1001.0,1016.641388888889,58.66111111111111,41.2,11.828611111111112,57.0,63
2024-10-31,London,Shanghai,19560.51169555087,440.07630704533096,30.2,6.5,179.60000000000002,179.60000000000002,995.1,1015.4886111111111,57.49166666666667,38.4,10.94111111111111,56.8,65
2024-11-01,London,Shanghai,19560.51169555087,440.07630704533096,29.2,7.3,106.30000000000001,106.30000000000001,994.9,1016.3069444444444,60.733333333333334,25.9,9.582777777777778,41.8,65
2024-11-02,London,Shanghai,19560.51169555087,440.07630704533096,29.1,10.3,28.900000000000002,28.900000000000002,1008.4,1018.9897222222222,49.16111111111111,23.4,10.491666666666667,30.9,65
2024-11-03,London,Shanghai,19560.51169555087,440.07630704533096,29.5,10.8,11.5,11.5,1007.2,1018.8647222222222,43.147222222222226,21.3,9.197777777777778,27.6,63
2024-11-04,London,Shanghai,19560.51169555087,440.07630704533096,29.3,9.1,23.700000000000003,23.700000000000003,1007.1,1018.3858333333333,58.202777777777776,26.1,9.785,34.6,63
2024-11-05,London,Shanghai,19560.51169555087,440.07630704533096,29.3,9.4,20.299999999999997,20.299999999999997,1006.6,1018.9316666666667,48.541666666666664,32.2,9.734444444444446,43.2,63
2024-11-06,London,Shanghai,19560.51169555087,440.07630704533096,29.3,9.6,22.599999999999998,22.599999999999998,1008.0,1021.2458333333333,52.98611111111111,35.0,10.768055555555556,47.8,63
2024-11-07,London,Shanghai,19560.51169555087,440.07630704533096,29.1,9.4,19.9,19.9,1007.8,1020.9597222222222,60.547222222222224,33.3,11.695833333333333,46.7,63
2024-11-08,London,Shanghai,19560.51169555087,440.07630704533096,30.3,7.6,54.6,54.6,1007.3,1018.8380555555556,71.78611111111111,32.7,11.109166666666665,44.3,65
2024-11-09,London,Shanghai,19560.51169555087,440.07630704533096,29.2,6.3,44.199999999999996,44.199999999999996,1006.8,1018.2563888888889,70.05,26.1,9.544722222222221,35.0,63
2024-11-10,London,Shanghai,19560.51169555087,440.07630704533096,29.0,4.2,23.2,23.2,1006.6,1018.9366666666667,56.516666666666666,25.7,8.748333333333333,34.8,63
2024-11-11,London,Shanghai,19560.51169555087,440.07630704533096,29.3,5.8,41.8,41.8,1006.3,1020.5458333333333,60.025,28.7,10.938055555555556,38.5,63
2024-11-12,London,Shanghai,19560.51169555087,440.07630704533096,29.7,5.7,26.599999999999998,26.599999999999998,1006.2,1019.6058333333333,49.78888888888889,31.4,13.495000000000001,42.0,63
2024-11-13,London,Shanghai,19560.51169555087,440.07630704533096,30.1,6.6,28.200000000000003,28.200000000000003,1006.2,1018.8525000000001,62.50277777777777,37.3,11.114722222222222,49.8,63
2024-11-14,London,Shanghai,19560.51169555087,440.07630704533096,28.7,7.4,85.69999999999999,85.69999999999999,1006.5,1017.6488888888889,68.30555555555556,36.0,9.480833333333333,49.6,65
2024-11-15,London,Shanghai,19560.51169555087,440.07630704533096,29.8,5.9,91.4,91.4,1005.9,1016.3174999999999,66.35277777777777,26.3,10.160555555555556,36.0,65
2024-11-16,London,Shanghai,19560.51169555087,440.07630704533096,28.9,3.9,54.6,54.6,1006.1,1015.3930555555556,57.88333333333333,28.1,10.740555555555556,38.3,63
2024-11-17,London,Shanghai,19560.51169555087,440.07630704533096,28.9,6.9,46.8,46.8,1005.6,1015.6497222222223,58.36666666666667,34.0,13.229166666666666,50.5,63
2024-11-18,London,Shanghai,19560.51169555087,440.07630704533096,29.2,5.4,87.19999999999999,87.19999999999999,998.3,1015.5038888888889,67.56944444444444,38.6,12.928055555555554,53.1,63
2024-11-19,London,Shanghai,19560.51169555087,440.07630704533096,28.7,1.2,81.3,79.9,994.0,1013.4252777777779,66.63333333333334,33.2,13.435277777777777,45.1,73
2024-11-20,London,Shanghai,19560.51169555087,440.07630704533096,29.5,-0.1,38.0,37.9,1004.1,1014.8952777777778,55.48055555555556,29.5,13.496944444444443,40.6,71
2024-11-21,London,Shanghai,19560.51169555087,440.07630704533096,29.3,-0.4,58.1,49.5,992.6,1012.4786111111111,63.38055555555556,32.3,13.130833333333333,46.3,75
2024-11-22,London,Shanghai,19560.51169555087,440.07630704533096,29.4,0.9,58.0,56.3,1001.0,1014.9088888888889,58.80555555555556,31.2,12.469444444444445,40.2,75
2024-11-23,London,Shanghai,19560.51169555087,440.07630704533096,28.7,1.3,98.1,98.1,997.0,1014.9497222222221,68.43333333333334,38.7,16.14361111111111,52.3,63
2024-11-24,London,Shanghai,19560.51169555087,440.07630704533096,29.6,11.4,135.70000000000002,135.70000000000002,993.7,1013.3677777777777,65.02222222222221,40.6,18.03472222222222,54.8,65
2024-11-25,London,Shanghai,19560.51169555087,440.07630704533096,29.1,6.6,82.2,82.2,995.7,1013.9697222222222,58.36944444444444,33.9,13.921388888888888,46.3,63
2024-11-26,London,Shanghai,19560.51169555087,440.07630704533096,29.3,4.7,61.7,61.7,1003.2,1016.9758333333334,49.56111111111111,29.4,12.111666666666666,39.5,65
2024-11-27,London,Shanghai,19560.51169555087,440.07630704533096,29.7,2.6,82.4,82.4,1002.5,1016.8930555555556,43.13055555555556,31.4,11.851666666666667,43.9,65
2024-11-28,London,Shanghai,19560.51169555087,440.07630704533096,29.2,0.5,28.3,28.3,1003.8,1020.1941666666667,43.983333333333334,23.9,9.778611111111111,31.9,63
2024-11-29,London,Shanghai,19560.51169555087,440.07630704533096,29.0,3.3,42.1,42.1,1004.5,1019.9152777777778,45.40555555555556,25.8,11.598055555555556,36.3,63
2024-11-30,London,Shanghai,19560.51169555087,440.07630704533096,29.0,5.6,23.4,23.4,1005.2,1018.4666666666667,52.2,27.0,11.26972222222222,35.8,63
2024-12-01,London,Shanghai,19560.51169555087,440.07630704533096,28.9,8.6,25.5,25.5,1005.0,1015.8272222222222,57.80277777777778,25.7,11.825,34.4,63
2024-12-02,London,Shanghai,19560.51169555087,440.07630704533096,29.4,7.7,20.099999999999998,20.099999999999998,1006.0,1015.9705555555555,42.30277777777778,24.3,10.805833333333334,31.3,63
2024-12-03,London,Shanghai,19560.51169555087,440.07630704533096,29.5,4.1,27.6,27.6,1006.7,1017.6213888888889,58.608333333333334,26.5,11.0125,36.2,63
2024-12-04,London,Shanghai,19560.51169555087,440.07630704533096,30.0,2.6,25.6,25.6,1006.2,1018.755,64.04722222222223,24.6,10.709444444444445,33.6,63
2024-12-05,London,Shanghai,19560.51169555087,440.07630704533096,30.6,6.8,46.9,46.9,999.0,1015.928888888889,66.4388888888889,36.2,14.422222222222222,49.8,63
2024-12-06,London,Shanghai,19560.51169555087,440.07630704533096,29.4,5.5,31.2,31.2,1001.2,1017.0949999999999,59.28611111111112,33.4,13.143888888888888,41.4,63
2024-12-07,London,Shanghai,19560.51169555087,440.07630704533096,29.1,3.1,88.3,88.3,988.2,1014.3444444444444,69.11944444444445,44.8,17.622777777777777,64.3,63
2024-12-08,London,Shanghai,19560.51169555087,440.07630704533096,28.9,3.3,102.3,102.3,998.6,1017.7897222222222,60.76944444444444,38.8,18.241666666666667,56.0,65
2024-12-09,London,Shanghai,19560.51169555087,440.07630704533096,28.1,4.6,76.6,76.6,1005.3,1019.688888888889,66.55277777777778,32.2,15.75361111111111,44.3,65
2024-12-10,London,Shanghai,19560.51169555087,440.07630704533096,28.2,6.1,65.8,65.8,1004.8,1019.4863888888889,73.50833333333334,28.1,14.016666666666667,37.9,63
2024-12-11,London,Shanghai,19560.51169555087,440.07630704533096,28.7,5.0,23.400000000000002,23.400000000000002,1004.5,1019.9144444444445,72.13055555555555,28.1,11.981388888888889,39.1,63
2024-12-12,London,Shanghai,19560.51169555087,440.07630704533096,28.6,5.3,47.900000000000006,47.900000000000006,1004.5,1019.8405555555556,73.19722222222222,28.1,10.554444444444444,39.7,63
2024-12-13,London,Shanghai,19560.51169555087,440.07630704533096,28.7,1.8,15.4,15.4,1005.3,1020.5505555555555,58.21666666666667,28.9,10.221388888888889,39.7,61
2024-12-14,London,Shanghai,19560.51169555087,440.07630704533096,29.0,-0.2,10.3,10.3,1006.2,1022.565,56.297222222222224,28.0,11.393333333333334,39.7,61
2024-12-15,London,Shanghai,19560.51169555087,440.07630704533096,29.0,0.6,53.7,53.7,1006.7,1023.8061111111111,61.18888888888888,25.6,12.705555555555556,34.8,63
2024-12-16,London,Shanghai,19560.51169555087,440.07630704533096,28.6,1.0,21.0,21.0,1006.3,1024.3172222222222,58.080555555555556,25.4,13.340833333333334,35.2,63
2024-12-17,London,Shanghai,19560.51169555087,440.07630704533096,28.4,2.3,48.9,48.9,1006.8,1022.2041666666667,60.46666666666667,35.7,13.364722222222222,46.7,63
2024-12-18,London,Shanghai,19560.51169555087,440.07630704533096,28.8,1.5,49.8,49.8,997.4,1018.373611111111,58.65277777777778,34.1,15.011666666666665,45.5,63
2024-12-19,London,Shanghai,19560.51169555087,440.07630704533096,28.4,1.5,49.8,49.8,994.7,1017.195,60.916666666666664,33.7,14.535277777777777,47.2,63
2024-12-20,London,Shanghai,19560.51169555087,440.07630704533096,28.7,1.3,22.8,22.8,1006.9,1019.0513888888889,53.044444444444444,39.0,14.176666666666668,56.2,61
2024-12-21,London,Shanghai,19560.51169555087,440.07630704533096,28.4,0.6,54.800000000000004,54.800000000000004,1005.7,1019.1013888888888,53.483333333333334,32.0,15.7825,43.7,63
2024-12-22,London,Shanghai,19560.51169555087,440.07630704533096,29.4,1.3,25.0,24.8,1002.4,1018.0808333333333,62.74722222222222,36.6,16.2475,55.0,71
2024-12-23,London,Shanghai,19560.51169555087,440.07630704533096,29.2,3.1,37.5,37.5,1006.3,1019.0238888888889,58.90833333333333,35.8,15.141111111111112,54.6,61
2024-12-24,London,Shanghai,19560.51169555087,440.07630704533096,28.6,3.8,47.9,47.9,1004.1,1019.7516666666667,58.25,33.4,13.796666666666669,45.1,65
2024-12-25,London,Shanghai,19560.51169555087,440.07630704533096,28.9,3.4,27.0,27.0,1005.4,1021.3536111111111,56.37777777777777,30.7,11.884722222222223,42.8,65
2024-12-26,London,Shanghai,19560.51169555087,440.07630704533096,28.6,2.0,19.3,19.3,1008.6,1022.8741666666666,55.46944444444444,28.0,12.080000000000002,37.9,63
2024-12-27,London,Shanghai,19560.51169555087,440.07630704533096,28.9,-0.6,11.3,11.3,1009.5,1023.3761111111111,59.475,30.0,12.735833333333334,41.0,55
2024-12-28,London,Shanghai,19560.51169555087,440.07630704533096,28.6,-1.0,8.200000000000001,8.200000000000001,1008.5,1023.3272222222222,47.988888888888894,29.0,11.6175,40.8,55
2024-12-29,London,Shanghai,19560.51169555087,440.07630704533096,28.2,-0.0,30.6,30.6,1008.2,1023.0311111111112,50.74444444444444,25.0,10.44138888888889,35.6,63
2024-12-30,London,Shanghai,19560.51169555087,440.07630704533096,27.4,2.3,50.2,50.2,1009.0,1022.4191666666667,44.15277777777778,19.8,10.196666666666665,26.8,65
2024-12-31,London,Shanghai,19560.51169555087,440.07630704533096,28.4,1.2,67.2,67.2,1008.6,1021.7188888888888,48.26111111111111,33.4,13.474444444444446,45.1,65
2025-01-01,London,Shanghai,19560.51169555087,440.07630704533096,28.6,2.1,109.9,109.9,1004.9,1018.9191666666667,52.36111111111111,37.9,13.931666666666667,51.7,65
2025-01-02,London,Shanghai,19560.51169555087,440.07630704533096,28.8,-0.5,38.6,38.6,1007.0,1020.1127777777778,47.13055555555556,30.5,11.390277777777778,40.8,63
2025-01-03,London,Shanghai,19560.51169555087,440.07630704533096,28.2,-1.2,105.39999999999999,105.39999999999999,1007.3,1020.6355555555555,45.53055555555556,31.0,12.904166666666667,42.2,63
2025-01-04,London,Shanghai,19560.51169555087,440.07630704533096,29.0,-1.6,65.5,60.199999999999996,997.7,1017.0602777777779,73.70555555555555,36.6,13.216944444444444,50.7,75
2025-01-05,London,Shanghai,19560.51169555087,440.07630704533096,28.5,0.7,118.0,112.8,981.2,1009.6494444444445,62.53333333333333,36.3,14.726666666666667,50.3,75
2025-01-06,London,Shanghai,19560.51169555087,440.07630704533096,29.2,1.5,38.800000000000004,38.0,971.4,1010.0880555555556,59.31388888888889,38.6,16.52722222222222,52.3,73
2025-01-07,London,Shanghai,19560.51169555087,440.07630704533096,28.4,0.1,15.399999999999999,15.1,994.3,1014.2988888888889,58.94166666666667,37.5,13.93638888888889,52.1,71
2025-01-08,London,Shanghai,19560.51169555087,440.07630704533096,28.0,-0.7,58.599999999999994,56.4,992.6,1014.1672222222222,57.74444444444445,42.4,12.65,57.9,73
2025-01-09,London,Shanghai,19560.51169555087,440.07630704533096,28.3,-1.5,21.6,21.5,995.3,1017.2497222222223,58.63333333333333,32.3,13.576944444444445,43.2,71
2025-01-10,London,Shanghai,19560.51169555087,440.07630704533096,27.6,-1.9,126.1,126.0,1009.6,1020.6786111111111,48.4,30.7,13.678333333333335,42.6,71
2025-01-11,London,Shanghai,19560.51169555087,440.07630704533096,28.4,-4.1,88.6,88.6,1009.7,1022.7408333333333,46.37777777777777,26.3,12.657777777777778,37.7,65
2025-01-12,London,Shanghai,19560.51169555087,440.07630704533096,29.4,-4.4,141.8,141.8,1007.9,1023.9186111111111,43.833333333333336,24.9,12.108611111111111,33.0,65
2025-01-13,London,Shanghai,19560.51169555087,440.07630704533096,28.2,1.6,71.0,71.0,1007.7,1023.7147222222222,57.65,23.4,12.398333333333333,31.9,65
2025-01-14,London,Shanghai,19560.51169555087,440.07630704533096,27.3,1.8,77.4,77.4,1008.4,1023.1333333333333,63.53611111111112,26.7,13.116944444444444,35.2,63
2025-01-15,London,Shanghai,19560.51169555087,440.07630704533096,27.9,-2.6,47.5,47.5,1007.8,1024.1355555555556,61.21944444444444,27.8,11.309722222222224,38.1,63
2025-01-16,London,Shanghai,19560.51169555087,440.07630704533096,28.3,-1.9,9.899999999999999,9.899999999999999,1007.6,1023.911388888889,49.96388888888889,27.4,12.12388888888889,36.9,63
2025-01-17,London,Shanghai,19560.51169555087,440.07630704533096,27.9,-0.8,93.3,93.3,1006.4,1023.0713888888889,65.75277777777778,34.0,12.883055555555556,49.0,63
2025-01-18,London,Shanghai,19560.51169555087,440.07630704533096,27.6,1.7,65.2,65.2,1006.6,1020.1647222222222,59.66111111111111,22.8,10.9975,33.6,65
2025-01-19,London,Shanghai,19560.51169555087,440.07630704533096,27.5,1.8,107.2,107.2,1006.2,1017.0722222222223,63.25,26.2,10.326111111111112,35.0,63
2025-01-20,London,Shanghai,19560.51169555087,440.07630704533096,27.6,2.1,40.5,40.5,1006.6,1016.6305555555556,68.23611111111111,22.5,9.706666666666667,32.7,63
2025-01-21,London,Shanghai,19560.51169555087,440.07630704533096,27.7,-0.9,38.0,38.0,1003.0,1015.3602777777777,67.60555555555555,22.3,9.982777777777779,30.7,63
2025-01-22,London,Shanghai,19560.51169555087,440.07630704533096,28.1,2.3,32.0,32.0,999.6,1013.0622222222222,67.48055555555555,26.3,10.893333333333334,36.3,63
2025-01-23,London,Shanghai,19560.51169555087,440.07630704533096,28.0,1.5,39.699999999999996,39.699999999999996,998.3,1013.8261111111111,63.25555555555556,34.7,13.382499999999999,50.2,63
2025-01-24,London,Shanghai,19560.51169555087,440.07630704533096,27.8,6.8,77.4,77.4,990.1,1012.5216666666668,65.58888888888889,37.7,14.256666666666666,61.4,65
2025-01-25,London,Shanghai,19560.51169555087,440.07630704533096,28.1,2.8,31.7,31.7,998.3,1014.3719444444445,74.57222222222222,30.5,11.81388888888889,38.3,63
2025-01-26,London,Shanghai,19560.51169555087,440.07630704533096,27.6,0.2,100.4,100.4,978.7,1012.2561111111112,68.63055555555555,43.3,15.587222222222222,66.5,65
2025-01-27,London,Shanghai,19560.51169555087,440.07630704533096,27.2,-2.1,65.7,65.7,974.8,1010.1872222222223,60.047222222222224,40.4,16.8625,60.1,63
2025-01-28,London,Shanghai,19560.51169555087,440.07630704533096,27.5,-1.4,43.0,43.0,978.5,1012.425,58.172222222222224,41.5,15.615833333333333,59.3,63
2025-01-29,London,Shanghai,19560.51169555087,440.07630704533096,28.6,-0.7,73.7,73.7,996.3,1015.5594444444445,53.03333333333333,41.9,14.219166666666666,59.3,63
2025-01-30,London,Shanghai,19560.51169555087,440.07630704533096,27.8,2.0,14.7,14.7,1007.1,1019.2172222222222,45.57222222222222,32.1,12.087777777777777,47.6,61
2025-01-31,London,Shanghai,19560.51169555087,440.07630704533096,28.6,2.2,38.3,38.3,1007.6,1020.0972222222223,57.95,23.7,11.202499999999999,32.1,63
2025-02-01,London,Shanghai,19560.51169555087,440.07630704533096,29.0,2.4,28.8,28.8,1006.7,1020.0583333333333,65.20833333333333,24.5,11.196666666666665,33.2,63
2025-02-02,London,Shanghai,19560.51169555087,440.07630704533096,29.3,-0.3,9.5,9.5,1006.1,1018.2525,59.60555555555556,27.4,12.725,36.2,61
2025-02-03,London,Shanghai,19560.51169555087,440.07630704533096,28.6,-1.1,14.9,14.9,1006.7,1019.8505555555555,57.34166666666667,29.7,11.696944444444446,40.6,61
2025-02-04,London,Shanghai,19560.51169555087,440.07630704533096,29.5,0.6,38.5,38.5,1008.2,1020.3261111111111,56.16944444444445,26.3,13.381944444444445,36.5,63
2025-02-05,London,Shanghai,19560.51169555087,440.07630704533096,29.8,-0.9,21.6,21.6,1007.7,1023.5919444444444,56.147222222222226,28.6,12.264444444444445,38.9,63
2025-02-06,London,Shanghai,19560.51169555087,440.07630704533096,28.7,-0.2,31.1,31.1,1007.1,1023.7172222222222,59.825,28.3,14.412222222222223,40.0,63
2025-02-07,London,Shanghai,19560.51169555087,440.07630704533096,28.6,-4.9,34.2,33.800000000000004,1007.6,1020.9138888888889,63.31944444444444,31.9,15.277777777777777,43.0,71
2025-02-08,London,Shanghai,19560.51169555087,440.07630704533096,28.8,-4.3,33.9,33.9,1007.4,1020.1811111111111,62.080555555555556,31.4,12.535555555555556,43.2,63
2025-02-09,London,Shanghai,19560.51169555087,440.07630704533096,28.5,-2.7,21.2,21.2,1007.5,1021.1577777777778,53.69444444444444,27.4,11.118055555555555,37.9,61
2025-02-10,London,Shanghai,19560.51169555087,440.07630704533096,28.6,0.2,19.900000000000002,19.900000000000002,1008.4,1019.5661111111111,62.511111111111106,26.6,11.82638888888889,36.2,55
2025-02-11,London,Shanghai,19560.51169555087,440.07630704533096,28.9,2.8,41.0,41.0,1009.5,1017.5469444444444,71.12777777777778,26.7,10.926944444444445,35.8,65
2025-02-12,London,Shanghai,19560.51169555087,440.07630704533096,28.6,2.0,47.1,47.1,1009.5,1018.65,54.26944444444445,27.7,12.484166666666665,38.3,63
2025-02-13,London,Shanghai,19560.51169555087,440.07630704533096,29.5,2.0,13.200000000000001,13.200000000000001,1008.7,1019.5388888888889,67.40833333333333,29.2,11.995833333333334,39.5,61
2025-02-14,London,Shanghai,19560.51169555087,440.07630704533096,28.9,0.9,13.500000000000002,13.500000000000002,1007.6,1018.015,60.075,27.1,11.214166666666667,36.2,63
2025-02-15,London,Shanghai,19560.51169555087,440.07630704533096,28.7,1.8,27.6,26.3,1007.4,1014.8144444444445,61.125,28.0,10.127777777777776,37.1,73
2025-02-16,London,Shanghai,19560.51169555087,440.07630704533096,28.6,1.8,12.8,12.8,1007.9,1016.0761111111111,51.93888888888889,23.8,11.391666666666667,31.5,63
2025-02-17,London,Shanghai,19560.51169555087,440.07630704533096,28.9,-0.4,15.4,15.4,1008.0,1017.7283333333332,50.44444444444445,24.6,11.380555555555556,33.2,63
2025-02-18,London,Shanghai,19560.51169555087,440.07630704533096,28.4,-0.0,11.4,11.4,1006.6,1017.6347222222223,68.63888888888889,24.7,11.080833333333334,33.6,61
2025-02-19,London,Shanghai,19560.51169555087,440.07630704533096,28.6,1.4,13.2,13.2,1008.5,1018.0969444444444,67.29444444444444,24.6,11.167499999999999,33.2,63
2025-02-20,London,Shanghai,19560.51169555087,440.07630704533096,28.9,3.7,26.4,26.4,1008.5,1019.3266666666666,67.9888888888889,30.4,14.605277777777777,41.6,61
2025-02-21,London,Shanghai,19560.51169555087,440.07630704533096,28.5,3.4,39.5,39.5,1007.0,1018.725,74.475,34.9,14.3425,54.8,65
2025-02-22,London,Shanghai,19560.51169555087,440.07630704533096,28.3,3.8,44.2,44.2,1007.2,1020.3127777777778,55.49722222222223,27.4,13.540555555555555,36.7,63
2025-02-23,London,Shanghai,19560.51169555087,440.07630704533096,28.3,-0.4,7.3,7.3,1009.0,1023.3216666666667,57.90277777777778,30.6,14.892222222222221,41.0,53
2025-02-24,London,Shanghai,19560.51169555087,440.07630704533096,28.8,1.1,59.5,59.5,1009.5,1021.5619444444444,60.46388888888889,30.4,13.243611111111111,42.0,63
2025-02-25,London,Shanghai,19560.51169555087,440.07630704533096,28.6,3.0,40.199999999999996,40.199999999999996,1010.1,1020.4461111111111,66.85833333333333,22.8,10.352777777777778,30.5,65
2025-02-26,London,Shanghai,19560.51169555087,440.07630704533096,27.8,3.3,63.5,63.5,1009.0,1018.7375,67.53055555555555,30.8,12.065555555555557,40.4,63
2025-02-27,London,Shanghai,19560.51169555087,440.07630704533096,28.0,3.3,32.9,32.9,1008.2,1017.9688888888888,51.75833333333333,30.1,11.341666666666667,42.4,63
2025-02-28,London,Shanghai,19560.51169555087,440.07630704533096,27.6,0.9,69.4,69.4,1007.8,1018.5155555555556,57.09722222222222,25.9,10.368055555555555,35.4,63
2025-03-01,London,Shanghai,19560.51169555087,440.07630704533096,28.6,0.1,17.9,17.9,1006.9,1018.7044444444444,55.35555555555556,31.6,10.8,43.7,63
2025-03-02,London,Shanghai,19560.51169555087,440.07630704533096,29.4,-1.2,34.4,34.4,1003.2,1018.0305555555556,64.90555555555555,28.2,10.661944444444446,39.5,65
2025-03-03,London,Shanghai,19560.51169555087,440.07630704533096,29.0,-0.7,59.9,59.9,1006.2,1016.8808333333333,64.50277777777778,28.9,10.562777777777777,38.7,63
2025-03-04,London,Shanghai,19560.51169555087,440.07630704533096,29.0,0.8,19.900000000000002,19.900000000000002,1005.8,1016.4730555555556,50.66388888888889,30.0,11.779444444444444,40.4,63
2025-03-05,London,Shanghai,19560.51169555087,440.07630704533096,28.8,1.1,27.2,27.2,1006.1,1017.0813888888889,48.41388888888889,30.6,11.740555555555556,41.0,63
2025-03-06,London,Shanghai,19560.51169555087,440.07630704533096,28.3,3.5,34.8,34.8,1007.2,1016.6013888888889,50.80277777777778,33.4,13.201944444444445,45.7,63
2025-03-07,London,Shanghai,19560.51169555087,440.07630704533096,28.3,1.6,34.9,34.9,992.3,1013.9377777777777,64.09722222222223,31.2,11.338055555555554,41.8,63
2025-03-08,London,Shanghai,19560.51169555087,440.07630704533096,28.3,4.2,31.799999999999997,31.799999999999997,984.7,1011.2616666666667,57.363888888888894,33.8,11.267777777777779,44.7,63
2025-03-09,London,Shanghai,19560.51169555087,440.07630704533096,29.3,7.2,63.0,63.0,986.3,1010.3783333333333,61.041666666666664,33.6,11.591666666666667,47.2,63
2025-03-10,London,Shanghai,19560.51169555087,440.07630704533096,27.9,6.8,59.2,59.2,994.5,1010.4758333333334,62.86111111111111,23.2,9.08361111111111,30.5,65
2025-03-11,London,Shanghai,19560.51169555087,440.07630704533096,29.1,3.9,28.9,28.9,999.0,1011.4088888888889,55.30277777777778,25.7,9.767222222222221,32.7,65
2025-03-12,London,Shanghai,19560.51169555087,440.07630704533096,29.1,2.1,38.1,35.5,1001.2,1009.8661111111111,61.53611111111111,23.1,9.613888888888887,29.5,75
2025-03-13,London,Shanghai,19560.51169555087,440.07630704533096,28.9,1.6,57.6,57.3,998.8,1009.3866666666668,62.452777777777776,32.1,11.885555555555555,44.5,73
2025-03-14,London,Shanghai,19560.51169555087,440.07630704533096,28.9,0.1,51.7,51.7,998.1,1011.2741666666667,53.725,29.8,10.847777777777777,37.9,65
2025-03-15,London,Shanghai,19560.51169555087,440.07630704533096,28.9,1.0,16.0,16.0,1005.2,1015.9055555555556,52.08611111111111,26.9,12.951666666666666,37.1,63
2025-03-16,London,Shanghai,19560.51169555087,440.07630704533096,30.0,-0.3,4.4,4.4,1006.6,1018.1800000000001,53.86666666666667,28.5,13.039444444444445,39.1,53
2025-03-17,London,Shanghai,19560.51169555087,440.07630704533096,30.9,3.8,38.900000000000006,38.900000000000006,1007.4,1017.4088888888889,59.425,27.1,12.495833333333334,36.7,63
2025-03-18,London,Shanghai,19560.51169555087,440.07630704533096,29.1,1.5,24.1,24.1,1007.2,1017.2783333333333,29.944444444444446,25.8,12.883888888888889,33.8,63
2025-03-19,London,Shanghai,19560.51169555087,440.07630704533096,29.1,2.0,100.5,100.5,1003.8,1018.5736111111111,42.53888888888889,25.0,11.727222222222222,33.2,63
2025-03-20,London,Shanghai,19560.51169555087,440.07630704533096,29.7,5.7,55.1,55.1,997.3,1018.0102777777778,43.71388888888889,28.8,12.354444444444445,38.9,63
2025-03-21,London,Shanghai,19560.51169555087,440.07630704533096,29.5,9.1,43.6,43.6,992.6,1014.3969444444444,53.68333333333333,30.9,13.380555555555556,45.9,63
2025-03-22,London,Shanghai,19560.51169555087,440.07630704533096,29.7,9.3,43.5,43.5,996.5,1012.3636111111111,49.43055555555556,33.1,11.256666666666666,43.7,65
2025-03-23,London,Shanghai,19560.51169555087,440.07630704533096,29.1,8.2,49.300000000000004,49.300000000000004,998.2,1012.6752777777778,53.93333333333333,26.4,9.974722222222223,36.0,65
2025-03-24,London,Shanghai,19560.51169555087,440.07630704533096,29.6,7.1,2.5,2.5,1006.4,1015.84,39.38055555555556,21.1,9.796111111111111,28.8,51
2025-03-25,London,Shanghai,19560.51169555087,440.07630704533096,31.1,4.9,2.9000000000000004,2.9000000000000004,1002.2,1015.9269444444445,42.03611111111111,17.8,9.118333333333334,22.5,53
2025-03-26,London,Shanghai,19560.51169555087,440.07630704533096,32.3,7.9,11.7,11.7,997.5,1013.9766666666667,42.99722222222222,25.1,9.695277777777779,32.7,63
2025-03-27,London,Shanghai,19560.51169555087,440.07630704533096,29.6,5.8,43.4,43.4,1001.1,1012.7455555555555,48.483333333333334,28.8,11.034722222222221,40.4,63
2025-03-28,London,Shanghai,19560.51169555087,440.07630704533096,30.5,6.5,10.0,10.0,1005.1,1013.7277777777778,53.88888888888889,29.6,13.238333333333333,40.4,53
2025-03-29,London,Shanghai,19560.51169555087,440.07630704533096,28.8,3.7,25.700000000000003,25.700000000000003,1004.9,1016.5030555555555,55.43055555555556,31.7,12.744444444444444,43.3,63
2025-03-30,London,Shanghai,19560.51169555087,440.07630704533096,28.7,4.8,26.5,26.5,1004.5,1016.6366666666667,50.56388888888889,31.5,12.841666666666667,43.0,63
2025-03-31,London,Shanghai,19560.51169555087,440.07630704533096,29.3,5.9,27.0,27.0,999.4,1016.1127777777779,44.38888888888889,27.8,13.202499999999999,37.5,63
2025-04-01,London,Shanghai,19560.51169555087,440.07630704533096,28.8,5.4,31.9,31.9,999.8,1013.6963888888889,41.71666666666667,27.2,12.976111111111111,36.3,63
2025-04-02,London,Shanghai,19560.51169555087,440.07630704533096,29.2,7.3,31.799999999999997,31.799999999999997,1000.7,1013.5927777777778,35.34444444444444,29.2,11.485833333333334,40.2,65
2025-04-03,London,Shanghai,19560.51169555087,440.07630704533096,28.9,7.6,32.599999999999994,32.599999999999994,1004.4,1014.8672222222223,43.28611111111111,23.0,9.135,30.7,63
2025-04-04,London,Shanghai,19560.51169555087,440.07630704533096,29.4,9.9,21.5,21.5,1001.1,1013.6797222222223,60.01944444444444,24.9,9.382222222222222,33.4,63
2025-04-05,London,Shanghai,19560.51169555087,440.07630704533096,29.0,6.5,22.7,22.7,1005.2,1013.5236111111111,47.75277777777777,24.9,10.505555555555556,33.2,63
2025-04-06,London,Shanghai,19560.51169555087,440.07630704533096,30.4,6.3,38.3,38.3,1005.1,1014.6791666666667,36.53611111111111,23.5,11.414166666666667,30.9,63
2025-04-07,London,Shanghai,19560.51169555087,440.07630704533096,29.2,4.2,46.4,46.4,1006.8,1016.525,46.94722222222222,23.0,9.174166666666666,29.9,63
2025-04-08,London,Shanghai,19560.51169555087,440.07630704533096,31.9,4.2,29.700000000000003,29.700000000000003,1006.6,1016.8783333333333,55.988888888888894,20.0,8.95138888888889,26.4,63
2025-04-09,London,Shanghai,19560.51169555087,440.07630704533096,30.8,3.9,19.3,19.3,1006.6,1016.3813888888889,56.13333333333333,23.2,11.099722222222223,32.3,63
2025-04-10,London,Shanghai,19560.51169555087,440.07630704533096,29.2,5.5,22.5,22.5,1005.1,1015.9172222222222,44.21666666666667,27.2,11.174722222222222,36.5,63
2025-04-11,London,Shanghai,19560.51169555087,440.07630704533096,29.5,6.5,42.3,42.3,999.7,1013.0961111111112,47.25,27.1,10.981666666666666,35.2,63
2025-04-12,London,Shanghai,19560.51169555087,440.07630704533096,29.5,8.0,36.5,36.5,999.0,1010.2852777777778,59.98611111111111,26.3,10.203888888888889,40.4,63
2025-04-13,London,Shanghai,19560.51169555087,440.07630704533096,29.6,9.7,8.600000000000001,8.600000000000001,999.1,1010.6052777777778,58.03888888888889,29.9,10.430277777777777,39.8,63
2025-04-14,London,Shanghai,19560.51169555087,440.07630704533096,29.3,6.4,26.6,26.6,995.7,1010.0463888888888,52.31666666666667,38.4,10.282777777777778,51.5,63
2025-04-15,London,Shanghai,19560.51169555087,440.07630704533096,29.6,8.6,31.4,31.4,992.0,1009.3352777777778,54.541666666666664,38.6,9.045,52.7,61
2025-04-16,London,Shanghai,19560.51169555087,440.07630704533096,30.1,8.5,38.9,38.9,997.2,1011.4466666666667,49.59166666666667,29.9,10.229444444444445,43.9,63
2025-04-17,London,Shanghai,19560.51169555087,440.07630704533096,31.4,5.8,17.2,17.2,1004.1,1012.4238888888889,60.02777777777778,26.9,9.314166666666667,38.3,61
2025-04-18,London,Shanghai,19560.51169555087,440.07630704533096,31.1,9.2,26.0,26.0,1002.4,1011.0580555555556,62.58611111111111,26.5,10.025833333333333,37.5,61
2025-04-19,London,Shanghai,19560.51169555087,440.07630704533096,32.1,7.5,34.9,34.9,999.8,1009.3511111111111,62.613888888888894,38.5,12.791944444444445,50.9,63
2025-04-20,London,Shanghai,19560.51169555087,440.07630704533096,29.5,5.5,9.6,9.6,1003.5,1010.7536111111111,53.797222222222224,24.0,9.965277777777777,31.7,61
2025-04-21,London,Shanghai,19560.51169555087,440.07630704533096,30.5,8.9,76.7,76.7,1004.4,1011.3397222222222,57.09166666666667,24.0,8.249444444444444,31.9,65
2025-04-22,London,Shanghai,19560.51169555087,440.07630704533096,36.5,7.0,24.7,24.7,1004.0,1013.4088888888889,53.38055555555555,21.8,9.970833333333333,27.6,63
2025-04-23,London,Shanghai,19560.51169555087,440.07630704533096,33.1,8.4,47.4,47.4,1007.3,1013.1466666666668,52.83888888888889,27.6,9.610833333333334,37.9,63
2025-04-24,London,Shanghai,19560.51169555087,440.07630704533096,29.6,7.4,22.8,22.8,1006.8,1014.5375,49.94444444444444,25.4,9.791666666666666,33.6,63
2025-04-25,London,Shanghai,19560.51169555087,440.07630704533096,30.3,6.0,19.3,19.3,1005.3,1015.2113888888889,55.33611111111111,21.9,10.325,28.8,63
2025-04-26,London,Shanghai,19560.51169555087,440.07630704533096,30.7,8.2,11.100000000000001,11.100000000000001,1004.5,1015.901111111111,55.74444444444445,21.1,9.251944444444444,27.8,63
2025-04-27,London,Shanghai,19560.51169555087,440.07630704533096,30.2,8.1,10.5,10.5,1005.1,1015.9213888888888,52.31944444444444,23.4,7.041388888888889,31.1,63
2025-04-28,London,Shanghai,19560.51169555087,440.07630704533096,30.5,10.2,12.100000000000001,12.100000000000001,1004.0,1015.6344444444444,36.080555555555556,21.2,8.544444444444444,27.6,61
2025-04-29,London,Shanghai,19560.51169555087,440.07630704533096,29.8,10.6,9.4,9.4,1003.2,1014.5286111111111,37.266666666666666,22.8,9.068055555555556,30.5,61
2025-04-30,London,Shanghai,19560.51169555087,440.07630704533096,33.0,9.7,39.7,39.7,1002.6,1013.1083333333333,45.625,23.3,8.546388888888888,29.9,63
2025-05-01,London,Shanghai,19560.51169555087,440.07630704533096,30.5,11.8,21.1,21.1,1005.4,1012.6097222222222,44.675,28.3,8.291388888888887,37.1,63
2025-05-02,London,Shanghai,19560.51169555087,440.07630704533096,29.9,11.3,11.4,11.4,1005.6,1012.12,44.733333333333334,24.6,8.418333333333333,34.4,61
2025-05-03,London,Shanghai,19560.51169555087,440.07630704533096,29.6,10.4,35.1,35.1,1005.3,1012.2308333333333,49.55555555555556,23.4,9.694444444444445,31.3,63
2025-05-04,London,Shanghai,19560.51169555087,440.07630704533096,30.7,7.5,24.2,24.2,1005.1,1012.7802777777778,59.65833333333333,21.8,10.054444444444444,29.2,63
2025-05-05,London,Shanghai,19560.51169555087,440.07630704533096,30.0,5.2,11.1,11.1,1002.4,1012.8936111111111,51.46666666666667,25.1,10.424166666666668,34.8,55
2025-05-06,London,Shanghai,19560.51169555087,440.07630704533096,30.4,6.4,18.3,18.3,1006.0,1014.4830555555557,55.608333333333334,24.2,10.048888888888888,32.9,61
2025-05-07,London,Shanghai,19560.51169555087,440.07630704533096,30.4,6.1,22.7,22.7,1004.8,1014.2291666666666,62.483333333333334,23.8,10.201666666666666,32.3,63
2025-05-08,London,Shanghai,19560.51169555087,440.07630704533096,30.4,8.6,54.900000000000006,54.900000000000006,1000.2,1012.0219444444444,60.37222222222222,23.9,10.920555555555556,35.8,63
2025-05-09,London,Shanghai,19560.51169555087,440.07630704533096,32.5,6.2,30.400000000000002,30.400000000000002,1002.1,1011.936111111111,46.75,23.4,10.000277777777777,31.3,63
2025-05-10,London,Shanghai,19560.51169555087,440.07630704533096,33.8,9.2,25.700000000000003,25.700000000000003,1005.5,1012.1744444444445,52.333333333333336,22.6,9.199166666666667,30.5,63
2025-05-11,London,Shanghai,19560.51169555087,440.07630704533096,36.0,11.1,37.7,37.7,1004.5,1010.49,60.072222222222216,24.9,10.09861111111111,33.2,63
2025-05-12,London,Shanghai,19560.51169555087,440.07630704533096,31.0,12.3,14.7,14.7,1004.0,1010.6744444444445,43.43888888888888,18.9,9.34138888888889,25.7,63
2025-05-13,London,Shanghai,19560.51169555087,440.07630704533096,33.2,11.6,1.0,1.0,1004.0,1012.1163888888889,48.172222222222224,20.6,8.789722222222222,26.8,51
2025-05-14,London,Shanghai,19560.51169555087,440.07630704533096,33.4,9.2,15.5,15.5,1004.3,1013.7519444444445,39.352777777777774,22.7,9.567777777777776,29.9,63
2025-05-15,London,Shanghai,19560.51169555087,440.07630704533096,33.6,8.7,47.7,47.7,1002.2,1014.4891666666666,57.34444444444444,25.1,9.981944444444444,34.0,63
2025-05-16,London,Shanghai,19560.51169555087,440.07630704533096,33.9,7.7,25.3,25.3,1004.6,1013.7469444444445,51.477777777777774,21.7,9.843333333333334,29.4,61
2025-05-17,London,Shanghai,19560.51169555087,440.07630704533096,39.4,9.0,56.300000000000004,56.300000000000004,1005.1,1013.5705555555555,56.416666666666664,20.8,9.792222222222222,30.5,63
2025-05-18,London,Shanghai,19560.51169555087,440.07630704533096,31.2,9.4,77.9,77.9,1004.5,1013.6972222222223,57.461111111111116,20.0,9.915833333333333,25.3,63
2025-05-19,London,Shanghai,19560.51169555087,440.07630704533096,31.0,10.5,35.6,35.6,1003.2,1013.2630555555555,44.85,21.0,9.903333333333334,28.6,63
2025-05-20,London,Shanghai,19560.51169555087,440.07630704533096,30.9,9.2,51.8,51.8,1002.8,1013.3297222222222,55.54722222222222,20.3,9.546944444444446,29.4,63
2025-05-21,London,Shanghai,19560.51169555087,440.07630704533096,31.8,11.4,39.6,39.6,1002.9,1012.7425,57.05833333333333,19.9,8.241944444444444,27.2,63
2025-05-22,London,Shanghai,19560.51169555087,440.07630704533096,31.8,8.2,28.0,28.0,1002.3,1012.2422222222223,56.33611111111111,22.2,9.132222222222222,30.3,63
2025-05-23,London,Shanghai,19560.51169555087,440.07630704533096,33.6,6.8,41.599999999999994,41.599999999999994,1000.4,1011.7800000000001,62.43611111111111,26.7,11.235833333333334,36.3,63
2025-05-24,London,Shanghai,19560.51169555087,440.07630704533096,34.8,12.4,40.9,40.9,1000.5,1012.0975,71.58888888888889,26.0,12.421666666666665,34.8,65
2025-05-25,London,Shanghai,19560.51169555087,440.07630704533096,34.6,12.9,19.0,19.0,1001.2,1012.6822222222222,59.275,25.9,13.456944444444444,34.8,61
2025-05-26,London,Shanghai,19560.51169555087,440.07630704533096,38.7,11.2,4.7,4.7,1001.9,1014.1680555555556,51.56388888888889,26.5,12.507777777777779,35.2,53
2025-05-27,London,Shanghai,19560.51169555087,440.07630704533096,32.0,13.4,25.0,25.0,1002.1,1013.7416666666667,64.83888888888889,31.0,13.09861111111111,42.2,63
2025-05-28,London,Shanghai,19560.51169555087,440.07630704533096,32.9,13.5,96.0,96.0,1003.4,1014.2455555555556,56.00555555555556,27.7,13.052777777777777,38.7,65
2025-05-29,London,Shanghai,19560.51169555087,440.07630704533096,31.8,13.1,25.0,25.0,1004.5,1014.3086111111111,58.75833333333333,27.9,14.12861111111111,36.5,63
2025-05-30,London,Shanghai,19560.51169555087,440.07630704533096,31.4,13.5,11.899999999999999,11.899999999999999,1004.1,1014.1391666666666,64.975,26.4,11.192499999999999,34.4,61
2025-05-31,London,Shanghai,19560.51169555087,440.07630704533096,32.1,12.6,43.0,43.0,1003.8,1013.026388888889,63.95,23.2,10.311944444444444,30.5,63
2025-06-01,London,Shanghai,19560.51169555087,440.07630704533096,31.1,13.2,35.4,35.4,998.7,1012.2744444444445,55.983333333333334,23.6,11.796111111111111,31.3,63
2025-06-02,London,Shanghai,19560.51169555087,440.07630704533096,31.5,12.4,40.5,40.5,998.3,1012.4433333333333,48.083333333333336,23.4,11.729444444444445,30.9,65
2025-06-03,London,Shanghai,19560.51169555087,440.07630704533096,30.5,11.8,43.6,43.6,1003.1,1011.151111111111,53.99444444444444,24.7,13.161666666666667,35.8,65
2025-06-04,London,Shanghai,19560.51169555087,440.07630704533096,31.2,10.6,14.5,14.5,1003.8,1011.3133333333334,42.6,21.4,11.447777777777778,27.8,63
2025-06-05,London,Shanghai,19560.51169555087,440.07630704533096,31.6,12.5,36.4,36.4,1000.8,1010.6525,61.37777777777777,21.3,10.927777777777777,29.4,65
2025-06-06,London,Shanghai,19560.51169555087,440.07630704533096,32.8,11.0,7.1000000000000005,7.1000000000000005,1003.7,1010.9430555555556,45.113888888888894,24.6,9.955000000000002,32.3,53
2025-06-07,London,Shanghai,19560.51169555087,440.07630704533096,33.8,11.2,75.9,75.9,1004.1,1010.4186111111111,50.75,24.6,9.973055555555556,32.7,63
2025-06-08,London,Shanghai,19560.51169555087,440.07630704533096,34.7,9.3,46.4,46.4,1003.2,1012.2919444444445,48.475,23.9,9.657222222222224,30.9,63
2025-06-09,London,Shanghai,19560.51169555087,440.07630704533096,34.9,11.0,40.9,40.9,1002.8,1012.5852777777778,57.102777777777774,24.5,9.97638888888889,32.7,65
2025-06-10,London,Shanghai,19560.51169555087,440.07630704533096,35.1,13.1,57.7,57.7,1001.3,1011.6305555555556,63.12222222222222,25.7,10.447222222222223,35.6,63
2025-06-11,London,Shanghai,19560.51169555087,440.07630704533096,35.7,12.7,44.0,44.0,1000.6,1011.311111111111,54.66111111111111,26.7,10.947222222222223,36.0,63
2025-06-12,London,Shanghai,19560.51169555087,440.07630704533096,35.8,14.2,58.2,58.2,1002.0,1010.4127777777777,58.197222222222216,27.7,11.028055555555556,36.7,65
2025-06-13,London,Shanghai,19560.51169555087,440.07630704533096,35.5,14.7,85.8,85.8,1001.7,1011.5597222222223,58.625,24.3,10.733333333333333,31.9,65
2025-06-14,London,Shanghai,19560.51169555087,440.07630704533096,35.6,14.6,37.0,37.0,1000.8,1011.9063888888888,56.25833333333333,27.0,11.08222222222222,38.3,63
2025-06-15,London,Shanghai,19560.51169555087,440.07630704533096,34.8,13.3,24.3,24.3,998.7,1012.8227777777778,49.511111111111106,31.4,11.848333333333333,42.6,63
2025-06-16,London,Shanghai,19560.51169555087,440.07630704533096,34.4,14.3,17.9,17.9,1001.0,1014.2561111111112,41.375,28.7,10.077499999999999,38.7,63
2025-06-17,London,Shanghai,19560.51169555087,440.07630704533096,33.4,12.3,14.500000000000002,14.500000000000002,1001.0,1014.4794444444445,46.65555555555556,24.8,10.6275,35.2,61
2025-06-18,London,Shanghai,19560.51169555087,440.07630704533096,33.2,14.6,6.6000000000000005,6.6000000000000005,1001.6,1014.3986111111111,51.37777777777777,24.4,9.724722222222223,34.2,63
2025-06-19,London,Shanghai,19560.51169555087,440.07630704533096,33.7,15.1,18.0,18.0,1003.3,1014.3413888888889,56.91388888888889,20.5,9.958055555555555,27.0,63
2025-06-20,London,Shanghai,19560.51169555087,440.07630704533096,34.6,16.0,4.6,4.6,1002.5,1013.5980555555556,49.458333333333336,23.1,10.81111111111111,29.7,53
2025-06-21,London,Shanghai,19560.51169555087,440.07630704533096,35.9,15.9,24.6,24.6,1002.7,1012.2883333333334,47.583333333333336,22.2,10.206944444444444,30.5,63
2025-06-22,London,Shanghai,19560.51169555087,440.07630704533096,35.2,15.8,64.5,64.5,1002.3,1011.7880555555555,50.74722222222223,24.0,10.93,32.1,63
2025-06-23,London,Shanghai,19560.51169555087,440.07630704533096,34.5,15.3,24.1,24.1,1001.9,1011.2130555555556,43.81111111111111,26.1,11.330000000000002,34.6,63
2025-06-24,London,Shanghai,19560.51169555087,440.07630704533096,33.6,14.1,9.299999999999999,9.299999999999999,1002.2,1011.0938888888888,53.00555555555556,23.7,10.758333333333333,30.9,63
2025-06-25,London,Shanghai,19560.51169555087,440.07630704533096,34.7,15.4,5.5,5.5,1001.8,1010.9074999999999,55.955555555555556,25.3,10.119166666666667,32.7,53
2025-06-26,London,Shanghai,19560.51169555087,440.07630704533096,34.7,15.5,16.8,16.8,1000.6,1011.1486111111111,46.48611111111111,26.3,11.142777777777777,34.2,63
2025-06-27,London,Shanghai,19560.51169555087,440.07630704533096,35.8,13.9,28.4,28.4,1000.4,1013.0044444444444,43.02777777777778,23.7,10.391666666666667,30.7,65
2025-06-28,London,Shanghai,19560.51169555087,440.07630704533096,36.6,16.7,14.0,14.0,1000.0,1013.0222222222222,45.236111111111114,21.6,10.996944444444445,28.0,63
2025-06-29,London,Shanghai,19560.51169555087,440.07630704533096,36.8,16.1,7.4,7.4,999.3,1012.2327777777778,42.36111111111111,21.6,9.898333333333333,28.6,61
2025-06-30,London,Shanghai,19560.51169555087,440.07630704533096,36.8,15.8,12.5,12.5,1000.6,1011.2430555555555,36.016666666666666,23.7,9.735000000000001,31.9,63
2025-07-01,London,Shanghai,19560.51169555087,440.07630704533096,37.9,14.8,4.699999999999999,4.699999999999999,1001.4,1011.0027777777777,39.28055555555556,21.9,10.369444444444445,29.5,53
2025-07-02,London,Shanghai,19560.51169555087,440.07630704533096,36.1,15.7,26.900000000000002,26.900000000000002,1001.7,1012.2463888888889,46.84166666666667,26.4,10.814444444444444,35.6,63
2025-07-03,London,Shanghai,19560.51169555087,440.07630704533096,36.5,12.8,13.5,13.5,1002.1,1014.5805555555556,34.65277777777778,29.6,11.007222222222223,39.8,63
2025-07-04,London,Shanghai,19560.51169555087,440.07630704533096,37.1,14.5,4.199999999999999,4.199999999999999,1001.9,1014.2280555555556,47.01388888888889,26.9,11.292222222222222,37.5,53
2025-07-05,London,Shanghai,19560.51169555087,440.07630704533096,38.3,16.2,20.8,20.8,998.1,1011.5633333333334,45.93333333333333,30.5,13.005277777777776,43.5,63
2025-07-06,London,Shanghai,19560.51169555087,440.07630704533096,38.3,16.0,154.6,154.6,995.9,1008.6630555555555,50.44166666666667,32.7,11.669722222222221,45.9,65
2025-07-07,London,Shanghai,19560.51169555087,440.07630704533096,36.3,13.5,129.8,129.8,995.5,1008.616388888889,56.81666666666667,27.7,13.160277777777777,37.5,65
2025-07-08,London,Shanghai,19560.51169555087,440.07630704533096,36.9,12.4,108.8,108.8,990.3,1009.8213888888889,39.93055555555555,43.1,13.18611111111111,56.4,65
2025-07-09,London,Shanghai,19560.51169555087,440.07630704533096,36.4,13.8,83.2,83.2,997.2,1011.0849999999999,35.88055555555556,26.5,12.211388888888887,35.2,63
2025-07-10,London,Shanghai,19560.51169555087,440.07630704533096,37.6,15.7,55.3,55.3,997.0,1010.9458333333333,42.141666666666666,23.6,10.8625,30.9,63
2025-07-11,London,Shanghai,19560.51169555087,440.07630704533096,37.9,16.7,46.9,46.9,1000.0,1010.8361111111111,44.166666666666664,24.3,10.750555555555556,33.2,63
2025-07-12,London,Shanghai,19560.51169555087,440.07630704533096,36.1,16.8,28.3,28.3,1003.4,1010.7386111111111,45.575,23.1,11.475,30.3,63
2025-07-13,London,Shanghai,19560.51169555087,440.07630704533096,35.0,15.8,38.4,38.4,1001.2,1010.1208333333333,41.74166666666667,24.8,10.586666666666668,32.1,65
2025-07-14,London,Shanghai,19560.51169555087,440.07630704533096,36.1,17.0,13.9,13.9,998.4,1010.5074999999999,45.55,24.4,11.659444444444443,32.1,61
2025-07-15,London,Shanghai,19560.51169555087,440.07630704533096,36.1,14.6,11.0,11.0,997.9,1010.175,55.233333333333334,27.2,12.238055555555555,36.0,61
2025-07-16,London,Shanghai,19560.51169555087,440.07630704533096,38.3,15.2,52.1,52.1,998.0,1009.8458333333333,61.96944444444444,25.5,12.096666666666666,33.2,65
2025-07-17,London,Shanghai,19560.51169555087,440.07630704533096,38.0,16.1,40.1,40.1,1000.6,1010.2438888888888,68.325,26.2,10.750833333333334,35.0,63
2025-07-18,London,Shanghai,19560.51169555087,440.07630704533096,37.8,15.1,32.5,32.5,991.6,1008.8391666666666,63.75555555555556,25.9,11.657222222222222,33.8,65
2025-07-19,London,Shanghai,19560.51169555087,440.07630704533096,36.4,16.1,99.0,99.0,989.3,1006.3697222222222,61.90833333333333,41.2,15.174166666666668,54.4,63
2025-07-20,London,Shanghai,19560.51169555087,440.07630704533096,36.5,15.8,59.0,59.0,995.7,1005.3947222222222,54.47222222222222,27.8,15.201388888888888,39.8,63
2025-07-21,London,Shanghai,19560.51169555087,440.07630704533096,37.0,14.5,68.7,68.7,997.2,1006.7483333333333,54.391666666666666,26.0,13.847777777777777,34.8,63
2025-07-22,London,Shanghai,19560.51169555087,440.07630704533096,37.5,15.3,25.099999999999998,25.099999999999998,1000.3,1009.5472222222222,47.266666666666666,23.1,12.12111111111111,29.9,63
2025-07-23,London,Shanghai,19560.51169555087,440.07630704533096,38.3,15.0,16.4,16.4,1000.1,1009.5561111111111,42.88888888888889,25.2,11.446944444444446,34.8,61
2025-07-24,London,Shanghai,19560.51169555087,440.07630704533096,38.5,15.5,14.4,14.4,997.6,1008.8938888888889,47.71388888888889,26.5,13.289444444444445,34.8,61
2025-07-25,London,Shanghai,19560.51169555087,440.07630704533096,39.3,15.4,28.0,28.0,995.4,1008.8380555555556,54.86944444444444,31.0,13.216666666666667,40.0,63
2025-07-26,London,Shanghai,19560.51169555087,440.07630704533096,39.6,15.9,28.599999999999998,28.599999999999998,997.4,1009.5730555555555,46.83611111111111,27.1,12.038611111111113,36.2,63
2025-07-27,London,Shanghai,19560.51169555087,440.07630704533096,40.2,15.3,39.9,39.9,995.9,1009.5413888888888,57.41111111111111,27.1,11.690277777777776,35.6,65
2025-07-28,London,Shanghai,19560.51169555087,440.07630704533096,38.7,15.0,72.7,72.7,994.6,1009.6027777777778,44.51944444444444,27.3,14.083333333333334,36.0,65
2025-07-29,London,Shanghai,19560.51169555087,440.07630704533096,38.6,15.2,73.5,73.5,989.4,1009.4175,48.58611111111111,26.9,13.046666666666665,39.7,65
2025-07-30,London,Shanghai,19560.51169555087,440.07630704533096,36.5,16.2,68.4,68.4,981.1,1009.3408333333333,48.55277777777778,25.7,12.956388888888888,42.4,65
2025-07-31,London,Shanghai,19560.51169555087,440.07630704533096,35.4,16.6,58.2,58.2,994.3,1009.6458333333334,52.71388888888889,26.0,13.444166666666666,35.2,65
2025-08-01,London,Shanghai,19560.51169555087,440.07630704533096,35.3,13.1,27.3,27.3,997.6,1009.4038888888888,49.48611111111111,23.8,11.681944444444445,30.9,63
2025-08-02,London,Shanghai,19560.51169555087,440.07630704533096,34.7,13.2,65.0,65.0,997.2,1010.0902777777777,52.26944444444444,25.7,12.66,33.2,65
2025-08-03,London,Shanghai,19560.51169555087,440.07630704533096,34.9,12.8,63.8,63.8,997.7,1011.2177777777778,54.17777777777778,25.5,13.318333333333333,33.8,63
2025-08-04,London,Shanghai,19560.51169555087,440.07630704533096,35.2,16.3,61.3,61.3,1001.5,1012.1324999999999,51.797222222222224,27.3,13.238888888888889,36.3,63
2025-08-05,London,Shanghai,19560.51169555087,440.07630704533096,34.4,13.1,6.6,6.6,1001.0,1013.5525,44.03611111111111,27.6,13.206944444444444,37.3,61
2025-08-06,London,Shanghai,19560.51169555087,440.07630704533096,35.5,11.7,15.8,15.8,1000.0,1013.1677777777778,51.75277777777777,26.6,11.0125,35.8,63
2025-08-07,London,Shanghai,19560.51169555087,440.07630704533096,34.9,14.6,16.4,16.4,999.2,1011.2977777777778,50.577777777777776,19.7,9.731111111111112,26.4,63
2025-08-08,London,Shanghai,19560.51169555087,440.07630704533096,35.9,15.5,3.2,3.2,1001.3,1012.1555555555556,55.26111111111111,17.5,8.772777777777778,22.9,53
2025-08-09,London,Shanghai,19560.51169555087,440.07630704533096,36.4,14.5,0.7000000000000001,0.7000000000000001,1001.4,1013.09,42.51944444444444,24.0,9.263888888888888,31.5,51
2025-08-10,London,Shanghai,19560.51169555087,440.07630704533096,37.5,14.8,17.9,17.9,1001.6,1013.7791666666667,35.886111111111106,25.1,9.3575,33.4,63
2025-08-11,London,Shanghai,19560.51169555087,440.07630704533096,37.0,16.5,22.400000000000002,22.400000000000002,1001.4,1011.9847222222222,43.55555555555556,21.2,9.893333333333334,27.8,63
2025-08-12,London,Shanghai,19560.51169555087,440.07630704533096,36.1,18.0,11.0,11.0,1003.0,1010.8402777777777,46.53611111111111,23.8,9.267222222222221,33.8,63
2025-08-13,London,Shanghai,19560.51169555087,440.07630704533096,37.8,17.3,202.7,202.7,998.3,1011.1322222222223,48.391666666666666,32.5,10.263333333333334,46.1,65
2025-08-14,London,Shanghai,19560.51169555087,440.07630704533096,38.5,16.6,16.6,16.6,1002.8,1012.84,43.31388888888889,23.6,10.748055555555556,31.1,61
2025-08-15,London,Shanghai,19560.51169555087,440.07630704533096,36.4,17.5,5.800000000000001,5.800000000000001,1000.6,1013.715,35.511111111111106,25.0,10.807222222222224,33.0,55
2025-08-16,London,Shanghai,19560.51169555087,440.07630704533096,36.0,16.4,6.5,6.5,1000.0,1013.5622222222222,40.177777777777784,24.2,12.037222222222223,31.9,63
2025-08-17,London,Shanghai,19560.51169555087,440.07630704533096,37.1,13.0,19.8,19.8,999.9,1013.1450000000001,47.59444444444444,23.3,11.447499999999998,30.9,63
2025-08-18,London,Shanghai,19560.51169555087,440.07630704533096,36.4,16.9,14.7,14.7,1000.9,1012.9483333333334,58.96944444444444,22.6,10.134166666666665,29.4,63
2025-08-19,London,Shanghai,19560.51169555087,440.07630704533096,37.5,15.2,12.3,12.3,1003.2,1011.5502777777778,55.19722222222222,22.6,10.254444444444443,29.7,63
2025-08-20,London,Shanghai,19560.51169555087,440.07630704533096,37.9,15.0,18.599999999999998,18.599999999999998,1003.5,1011.1408333333333,49.477777777777774,23.6,11.4275,30.5,65
2025-08-21,London,Shanghai,19560.51169555087,440.07630704533096,39.0,13.6,14.999999999999998,14.999999999999998,1004.7,1012.0022222222221,35.84722222222222,20.7,10.258055555555556,27.8,63
2025-08-22,London,Shanghai,19560.51169555087,440.07630704533096,37.8,11.6,10.500000000000002,10.500000000000002,1002.4,1012.8269444444445,33.88055555555555,20.2,9.035277777777777,27.0,63
2025-08-23,London,Shanghai,19560.51169555087,440.07630704533096,39.1,16.1,27.6,27.6,1003.2,1012.6025000000001,46.541666666666664,19.3,9.574722222222222,31.7,65
2025-08-24,London,Shanghai,19560.51169555087,440.07630704533096,40.1,14.7,33.599999999999994,33.599999999999994,1005.5,1013.1183333333333,46.44444444444444,26.2,9.034444444444444,34.6,65
2025-08-25,London,Shanghai,19560.51169555087,440.07630704533096,36.9,15.2,6.9,6.9,1005.3,1012.2800000000001,35.19722222222222,18.6,7.874444444444444,24.1,63
2025-08-26,London,Shanghai,19560.51169555087,440.07630704533096,35.0,17.8,34.3,34.3,1006.0,1010.5197222222222,44.58611111111111,21.8,10.491388888888888,31.7,65
2025-08-27,London,Shanghai,19560.51169555087,440.07630704533096,34.5,15.6,31.0,31.0,1003.6,1009.4983333333333,52.044444444444444,24.5,12.799722222222222,34.0,63
2025-08-28,London,Shanghai,19560.51169555087,440.07630704533096,34.6,13.0,14.799999999999999,14.799999999999999,999.2,1009.1130555555555,43.86944444444444,26.1,12.707500000000001,34.4,63
2025-08-29,London,Shanghai,19560.51169555087,440.07630704533096,35.5,14.4,57.0,57.0,993.4,1008.6777777777777,47.05833333333333,27.7,12.3975,37.3,63
2025-08-30,London,Shanghai,19560.51169555087,440.07630704533096,36.2,13.1,17.0,17.0,1000.5,1009.925,38.56111111111111,26.2,12.266666666666667,35.8,55
2025-08-31,London,Shanghai,19560.51169555087,440.07630704533096,36.1,14.0,30.8,30.8,1002.3,1009.276111111111,47.50555555555556,25.4,11.566944444444443,34.0,63
2025-09-01,London,Shanghai,19560.51169555087,440.07630704533096,35.5,14.3,43.6,43.6,1002.0,1008.7425000000001,48.95,24.7,12.794444444444444,32.3,63
2025-09-02,London,Shanghai,19560.51169555087,440.07630704533096,35.7,12.8,46.1,46.1,999.8,1008.5080555555555,59.613888888888894,28.4,12.31138888888889,38.3,63
2025-09-03,London,Shanghai,19560.51169555087,440.07630704533096,35.2,15.6,56.2,56.2,994.1,1007.4772222222222,50.56666666666667,34.8,13.110833333333334,47.6,63
2025-09-04,London,Shanghai,19560.51169555087,440.07630704533096,34.7,13.7,47.0,47.0,1001.9,1009.5580555555556,33.39444444444444,28.6,11.09138888888889,37.9,65
2025-09-05,London,Shanghai,19560.51169555087,440.07630704533096,34.6,11.5,10.799999999999999,10.799999999999999,1002.3,1012.9802777777778,33.96388888888889,19.7,9.272222222222222,25.1,63
2025-09-06,London,Shanghai,19560.51169555087,440.07630704533096,35.5,13.4,14.5,14.5,1003.1,1012.2166666666667,55.56388888888889,27.4,10.107222222222223,36.9,63
2025-09-07,London,Shanghai,19560.51169555087,440.07630704533096,33.6,15.7,26.7,26.7,1003.3,1010.9263888888889,53.416666666666664,24.7,9.752222222222223,37.5,63
2025-09-08,London,Shanghai,19560.51169555087,440.07630704533096,34.3,13.6,36.3,36.3,1002.5,1012.4519444444445,54.11111111111111,20.2,10.433333333333334,27.8,63
2025-09-09,London,Shanghai,19560.51169555087,440.07630704533096,32.5,11.1,57.9,57.9,1003.6,1012.2813888888888,58.4,25.7,9.639999999999999,33.8,65
2025-09-10,London,Shanghai,19560.51169555087,440.07630704533096,32.9,14.1,79.7,79.7,998.8,1010.4675000000001,61.34166666666667,25.8,11.094166666666666,33.6,63
2025-09-11,London,Shanghai,19560.51169555087,440.07630704533096,32.4,12.1,23.9,23.9,1001.0,1010.9955555555556,40.88611111111111,29.7,11.396944444444443,39.5,63
2025-09-12,London,Shanghai,19560.51169555087,440.07630704533096,34.3,10.9,39.5,39.5,1003.9,1012.3297222222222,45.85,27.4,10.779722222222222,36.9,63
2025-09-13,London,Shanghai,19560.51169555087,440.07630704533096,34.5,11.8,78.4,78.4,1003.9,1012.2633333333334,52.58888888888889,27.4,10.447777777777778,36.0,63
2025-09-14,London,Shanghai,19560.51169555087,440.07630704533096,34.2,9.3,49.6,49.6,1001.5,1012.4255555555555,56.36944444444444,33.6,9.5575,46.5,65
2025-09-15,London,Shanghai,19560.51169555087,440.07630704533096,33.4,13.9,29.3,29.3,1001.7,1012.7191666666666,37.08888888888889,34.6,10.928055555555554,46.8,63
2025-09-16,London,Shanghai,19560.51169555087,440.07630704533096,34.6,12.1,27.6,27.6,1002.4,1014.3472222222223,49.73611111111111,27.6,8.90388888888889,37.3,63
2025-09-17,London,Shanghai,19560.51169555087,440.07630704533096,34.7,12.6,60.5,60.5,1004.4,1014.3291666666667,57.99444444444444,29.3,9.892777777777777,40.0,65
2025-09-18,London,Shanghai,19560.51169555087,440.07630704533096,33.2,15.8,62.8,62.8,1004.2,1015.0627777777778,58.333333333333336,26.1,10.745000000000001,35.6,63
2025-09-19,London,Shanghai,19560.51169555087,440.07630704533096,32.3,15.0,92.89999999999999,92.89999999999999,1005.2,1014.3661111111111,54.266666666666666,30.8,9.9475,40.6,65
2025-09-20,London,Shanghai,19560.51169555087,440.07630704533096,31.1,13.5,45.8,45.8,1004.3,1012.8188888888889,56.19166666666667,30.9,10.676111111111112,43.2,63
2025-09-21,London,Shanghai,19560.51169555087,440.07630704533096,32.0,9.6,16.6,16.6,1003.9,1013.645,38.56944444444444,30.5,12.819999999999999,42.2,61
2025-09-22,London,Shanghai,19560.51169555087,440.07630704533096,31.9,7.6,65.0,65.0,997.7,1014.7527777777777,43.59444444444444,35.3,13.875555555555556,46.7,65
2025-09-23,London,Shanghai,19560.51169555087,440.07630704533096,32.6,7.2,86.2,86.2,997.0,1014.9838888888888,61.28888888888889,41.0,12.178333333333335,55.8,65
2025-09-24,London,Shanghai,19560.51169555087,440.07630704533096,32.0,9.6,16.900000000000002,16.900000000000002,1002.5,1015.0691666666665,63.94444444444444,27.6,12.921111111111111,38.5,63
2025-09-25,London,Shanghai,19560.51169555087,440.07630704533096,34.1,9.6,7.5,7.5,1003.7,1015.3452777777778,43.38333333333333,23.3,11.946666666666665,32.1,53
2025-09-26,London,Shanghai,19560.51169555087,440.07630704533096,34.8,9.4,21.3,21.3,1004.2,1015.1338888888889,54.95,22.2,9.972222222222223,30.1,63
2025-09-27,London,Shanghai,19560.51169555087,440.07630704533096,33.8,10.7,42.199999999999996,42.199999999999996,1004.3,1014.4922222222223,54.975,22.2,8.984722222222222,30.5,65
2025-09-28,London,Shanghai,19560.51169555087,440.07630704533096,34.6,11.8,26.2,26.2,1006.3,1014.9466666666667,50.76388888888889,22.7,9.838333333333333,30.1,63
2025-09-29,London,Shanghai,19560.51169555087,440.07630704533096,31.8,8.0,11.4,11.4,1005.2,1015.7688888888889,48.99722222222222,22.7,9.338333333333333,30.7,53
2025-09-30,London,Shanghai,19560.51169555087,440.07630704533096,32.2,8.9,50.1,50.1,1004.2,1015.8319444444444,44.36666666666667,23.7,7.766111111111112,30.9,65
2025-10-01,London,Shanghai,19560.51169555087,440.07630704533096,32.5,10.0,17.6,17.6,1002.5,1015.9544444444444,53.96111111111111,22.9,8.780555555555557,30.3,63
2025-10-02,London,Shanghai,19560.51169555087,440.07630704533096,32.3,10.3,7.2,7.2,1002.7,1014.7577777777777,48.78055555555556,25.0,9.909166666666666,33.8,55
2025-10-03,London,Shanghai,19560.51169555087,440.07630704533096,32.6,14.3,33.4,33.4,996.6,1013.026388888889,54.39444444444444,33.9,12.1775,46.1,61
2025-10-04,London,Shanghai,19560.51169555087,440.07630704533096,31.1,11.4,34.1,34.1,996.6,1012.9791666666666,49.71666666666667,38.3,12.159166666666666,51.3,63
2025-10-05,London,Shanghai,19560.51169555087,440.07630704533096,32.9,10.6,14.0,14.0,1006.7,1015.5708333333333,41.89444444444444,28.8,10.326666666666666,37.9,63
2025-10-06,London,Shanghai,19560.51169555087,440.07630704533096,36.2,9.7,12.4,12.4,1006.8,1016.9544444444443,41.94444444444444,24.7,8.844722222222224,33.2,61
2025-10-07,London,Shanghai,19560.51169555087,440.07630704533096,32.2,11.6,16.8,16.8,1007.4,1016.9413888888888,44.141666666666666,24.6,8.802777777777777,34.2,63
2025-10-08,London,Shanghai,19560.51169555087,440.07630704533096,31.7,11.4,27.1,27.1,1007.5,1016.7161111111111,49.113888888888894,27.7,9.403333333333334,37.1,65
2025-10-09,London,Shanghai,19560.51169555087,440.07630704533096,30.8,8.8,4.9,4.9,1009.0,1018.2205555555556,41.59166666666667,23.3,10.12388888888889,30.9,53
2025-10-10,London,Shanghai,19560.51169555087,440.07630704533096,32.9,12.1,5.1000000000000005,5.1000000000000005,1007.7,1019.3372222222223,52.83611111111111,28.4,9.250277777777777,37.7,53
2025-10-11,London,Shanghai,19560.51169555087,440.07630704533096,34.2,10.4,25.4,25.4,1006.9,1018.5216666666668,50.886111111111106,26.1,8.856666666666666,36.5,65
2025-10-12,London,Shanghai,19560.51169555087,440.07630704533096,33.1,7.5,13.5,13.5,1007.0,1017.5533333333333,50.675,22.9,9.740277777777777,31.1,63
2025-10-13,London,Shanghai,19560.51169555087,440.07630704533096,31.4,12.4,21.5,21.5,1006.4,1016.7938888888889,54.875,21.1,9.145833333333334,28.2,63
2025-10-14,London,Shanghai,19560.51169555087,440.07630704533096,29.9,10.7,15.200000000000001,15.200000000000001,1004.9,1016.9713888888889,54.147222222222226,26.3,9.939722222222223,35.4,61
2025-10-15,London,Shanghai,19560.51169555087,440.07630704533096,30.1,10.6,17.4,17.4,1004.1,1016.3141666666667,59.51944444444445,21.3,9.794444444444444,27.8,63
2025-10-16,London,Shanghai,19560.51169555087,440.07630704533096,30.2,9.6,12.4,12.4,1004.3,1016.1016666666667,50.88333333333333,20.1,10.233333333333333,26.6,55
2025-10-17,London,Shanghai,19560.51169555087,440.07630704533096,29.8,11.2,32.6,32.6,1005.6,1016.3261111111111,52.827777777777776,18.7,8.60388888888889,26.6,63
2025-10-18,London,Shanghai,19560.51169555087,440.07630704533096,30.1,11.2,16.3,16.3,1003.6,1016.1,68.5,27.3,11.185,36.9,61
2025-10-19,London,Shanghai,19560.51169555087,440.07630704533096,30.3,12.1,94.5,94.5,994.9,1012.0913888888889,72.68611111111112,33.9,13.553888888888888,45.9,65
2025-10-20,London,Shanghai,19560.51169555087,440.07630704533096,29.7,11.6,148.7,148.7,984.8,1008.4802777777778,71.79444444444445,37.5,16.0525,52.9,63
2025-10-21,London,Shanghai,19560.51169555087,440.07630704533096,29.7,11.0,68.3,68.3,988.6,1009.0602777777779,63.858333333333334,37.4,16.175,52.5,63
2025-10-22,London,Shanghai,19560.51169555087,440.07630704533096,30.7,9.0,116.6,116.6,979.5,1009.9577777777778,73.47222222222221,39.3,14.851944444444445,53.3,63
2025-10-23,London,Shanghai,19560.51169555087,440.07630704533096,30.3,7.0,62.5,62.5,972.1,1009.3183333333333,60.81944444444444,37.0,16.473333333333333,53.3,63
2025-10-24,London,Shanghai,19560.51169555087,440.07630704533096,30.2,5.9,34.2,34.2,996.7,1011.7891666666667,48.31111111111111,34.4,15.492777777777777,46.7,63
2025-10-25,London,Shanghai,19560.51169555087,440.07630704533096,30.4,6.4,33.5,33.5,996.4,1011.848888888889,50.18333333333333,29.1,14.230277777777777,40.8,63
2025-10-26,London,Shanghai,19560.51169555087,440.07630704533096,30.3,5.0,19.700000000000003,19.700000000000003,1002.5,1013.8358333333333,55.78333333333333,30.7,14.08611111111111,42.4,61
2025-10-27,London,Shanghai,19560.51169555087,440.07630704533096,30.6,9.9,9.1,9.1,1001.7,1014.3313888888889,55.919444444444444,29.2,14.349722222222223,41.2,61
2025-10-28,London,Shanghai,19560.51169555087,440.07630704533096,30.1,11.3,21.0,21.0,1005.8,1014.0166666666667,59.66111111111111,30.6,14.409722222222223,41.8,63
2025-10-29,London,Shanghai,19560.51169555087,440.07630704533096,30.4,7.2,40.800000000000004,40.800000000000004,997.4,1011.8844444444444,61.36666666666667,28.4,12.546944444444446,39.1,63
2025-10-30,London,Shanghai,19560.51169555087,440.07630704533096,29.6,5.7,21.8,21.8,1001.6,1012.4811111111111,60.75277777777777,33.2,12.392500000000002,46.5,63
2025-10-31,London,Shanghai,19560.51169555087,440.07630704533096,29.6,13.0,31.599999999999998,31.599999999999998,999.7,1012.0697222222223,60.672222222222224,29.3,12.801111111111112,43.0,63
2025-11-01,London,Shanghai,19560.51169555087,440.07630704533096,29.8,9.1,31.0,31.0,997.9,1013.7130555555556,55.666666666666664,29.4,11.738611111111112,40.2,61
2025-11-02,London,Shanghai,19560.51169555087,440.07630704533096,29.7,7.5,29.0,29.0,1005.1,1016.2988888888889,56.169444444444444,28.8,11.780277777777778,39.7,63
2025-11-03,London,Shanghai,19560.51169555087,440.07630704533096,29.3,7.5,24.6,24.6,1007.7,1017.3483333333334,65.9388888888889,29.8,13.504444444444443,40.6,61
2025-11-04,London,Shanghai,19560.51169555087,440.07630704533096,31.0,12.9,51.0,51.0,1001.8,1015.0472222222221,72.3,36.3,13.867222222222221,53.3,63
2025-11-05,London,Shanghai,19560.51169555087,440.07630704533096,29.8,14.6,39.6,39.6,998.1,1012.2691666666667,65.26666666666667,36.5,12.504166666666666,52.7,63
2025-11-06,London,Shanghai,19560.51169555087,440.07630704533096,30.9,14.2,21.5,21.5,999.8,1011.9688888888888,62.33888888888889,32.3,11.481666666666666,43.0,63
2025-11-07,London,Shanghai,19560.51169555087,440.07630704533096,31.0,12.1,19.200000000000003,19.200000000000003,1003.3,1012.5758333333332,52.50555555555555,30.1,10.575,42.0,61
2025-11-08,London,Shanghai,19560.51169555087,440.07630704533096,30.7,8.8,18.200000000000003,18.200000000000003,1006.7,1015.1172222222223,45.25555555555556,23.5,9.954444444444444,31.1,63
2025-11-09,London,Shanghai,19560.51169555087,440.07630704533096,29.3,5.3,15.1,15.1,1007.1,1015.1966666666667,62.53333333333333,35.8,12.339166666666667,51.7,61
2025-11-10,London,Shanghai,19560.51169555087,440.07630704533096,29.8,8.6,83.2,83.2,1002.6,1012.8316666666667,59.07222222222222,40.8,15.24,57.1,63
2025-11-11,London,Shanghai,19560.51169555087,440.07630704533096,29.0,8.4,152.10000000000002,152.10000000000002,998.6,1011.7919444444444,64.8638888888889,45.0,15.664444444444445,67.1,65
2025-11-12,London,Shanghai,19560.51169555087,440.07630704533096,28.4,13.3,121.5,121.5,997.5,1011.7494444444444,65.43055555555556,34.8,13.124722222222223,50.0,65
2025-11-13,London,Shanghai,19560.51169555087,440.07630704533096,28.7,11.1,69.2,69.2,993.2,1012.776388888889,54.37777777777777,32.3,11.690833333333334,42.6,63
2025-11-14,London,Shanghai,19560.51169555087,440.07630704533096,29.6,11.1,69.5,69.5,992.5,1011.8094444444445,51.669444444444444,27.8,12.662222222222223,38.5,63
2025-11-15,London,Shanghai,19560.51169555087,440.07630704533096,30.0,10.4,33.0,33.0,995.6,1013.3605555555555,49.733333333333334,31.7,10.97861111111111,43.2,63
2025-11-16,London,Shanghai,19560.51169555087,440.07630704533096,28.7,6.1,51.5,51.5,1000.7,1014.9069444444444,63.51944444444445,23.0,10.954166666666667,30.3,63
2025-11-17,London,Shanghai,19560.51169555087,440.07630704533096,28.8,2.9,26.8,26.8,1007.1,1019.0241666666666,54.00833333333333,31.2,12.708333333333334,44.1,63
2025-11-18,London,Shanghai,19560.51169555087,440.07630704533096,28.5,-0.0,30.200000000000003,30.200000000000003,1005.8,1018.5761111111111,56.827777777777776,37.1,12.521944444444445,51.1,63
2025-11-19,London,Shanghai,19560.51169555087,440.07630704533096,29.4,0.6,30.800000000000004,28.3,1002.5,1015.89,56.31111111111111,32.4,12.859722222222222,47.8,73
2025-11-20,London,Shanghai,19560.51169555087,440.07630704533096,29.8,-1.3,11.7,11.4,1007.1,1017.4597222222222,45.675,27.1,11.748333333333333,36.7,71
2025-11-21,London,Shanghai,19560.51169555087,440.07630704533096,29.4,0.6,46.9,40.5,1007.0,1020.13,44.25555555555556,28.9,11.264722222222222,39.8,75
2025-11-22,London,Shanghai,19560.51169555087,440.07630704533096,28.9,1.1,71.1,71.1,1006.8,1018.9019444444444,61.88333333333333,33.5,13.68,47.4,63
2025-11-23,London,Shanghai,19560.51169555087,440.07630704533096,29.7,5.3,58.099999999999994,58.099999999999994,995.7,1014.2613888888889,55.41388888888889,32.5,12.995833333333334,47.2,63
2025-11-24,London,Shanghai,19560.51169555087,440.07630704533096,29.6,4.2,70.7,70.7,990.0,1011.9619444444445,58.71666666666667,30.5,13.229166666666666,44.7,63
2025-11-25,London,Shanghai,19560.51169555087,440.07630704533096,29.5,2.0,37.6,37.6,1000.0,1016.1238888888889,48.15833333333333,29.9,14.038055555555555,40.8,63
2025-11-26,London,Shanghai,19560.51169555087,440.07630704533096,30.7,-0.0,39.50000000000001,39.50000000000001,1005.4,1018.275,49.15,31.4,11.488333333333333,45.3,63
2025-11-27,London,Shanghai,19560.51169555087,440.07630704533096,28.4,2.1,78.9,78.9,1006.7,1016.6561111111112,63.669444444444444,29.3,14.423333333333334,44.5,65
2025-11-28,London,Shanghai,19560.51169555087,440.07630704533096,29.1,3.3,79.2,79.2,1007.7,1015.2772222222222,65.29166666666667,26.4,13.72638888888889,36.3,63
2025-11-29,London,Shanghai,19560.51169555087,440.07630704533096,29.2,5.1,60.7,60.7,998.9,1012.3941666666667,57.022222222222226,28.5,13.252777777777776,39.7,63
2025-11-30,London,Shanghai,19560.51169555087,440.07630704533096,28.8,3.0,23.2,23.2,1006.0,1015.0588888888889,44.74166666666667,25.6,10.620555555555557,33.4,63
2025-12-01,London,Shanghai,19560.51169555087,440.07630704533096,28.6,7.2,70.8,70.8,996.6,1013.5219444444444,58.452777777777776,37.4,13.633333333333333,52.9,63
2025-12-02,London,Shanghai,19560.51169555087,440.07630704533096,28.1,6.8,64.9,64.9,997.8,1013.6955555555556,51.03888888888889,32.8,12.629444444444443,43.7,63
2025-12-03,London,Shanghai,19560.51169555087,440.07630704533096,29.3,0.5,28.1,28.1,1003.2,1015.6538888888888,49.81666666666667,30.5,12.547500000000001,42.6,61
2025-12-04,London,Shanghai,19560.51169555087,440.07630704533096,28.8,1.9,45.6,45.6,993.9,1013.5327777777778,52.797222222222224,30.5,14.484444444444446,41.8,63
2025-12-05,London,Shanghai,19560.51169555087,440.07630704533096,29.7,-0.3,54.1,54.1,993.4,1012.8611111111111,55.40833333333333,38.8,15.34138888888889,54.0,63
2025-12-06,London,Shanghai,19560.51169555087,440.07630704533096,29.3,7.2,50.0,50.0,992.7,1012.3019444444445,49.66111111111111,34.6,14.931666666666667,47.0,63
2025-12-07,London,Shanghai,19560.51169555087,440.07630704533096,28.9,8.3,47.800000000000004,47.800000000000004,996.9,1013.4927777777777,52.06111111111111,32.7,14.796666666666665,43.9,63
2025-12-08,London,Shanghai,19560.51169555087,440.07630704533096,28.9,6.3,30.0,30.0,1006.0,1015.6061111111111,55.669444444444444,39.1,15.389722222222222,54.0,63
2025-12-09,London,Shanghai,19560.51169555087,440.07630704533096,28.6,8.0,28.4,28.4,1001.7,1014.9286111111111,64.13888888888889,43.6,14.463333333333333,59.7,63
2025-12-10,London,Shanghai,19560.51169555087,440.07630704533096,29.0,8.4,16.2,16.2,1007.5,1017.2397222222222,44.26388888888889,24.4,11.105555555555556,31.7,61
2025-12-11,London,Shanghai,19560.51169555087,440.07630704533096,29.5,7.7,28.5,28.5,1007.3,1017.6602777777778,44.858333333333334,27.6,11.90111111111111,40.0,63
2025-12-12,London,Shanghai,19560.51169555087,440.07630704533096,29.0,6.6,27.900000000000002,27.900000000000002,1006.4,1017.3161111111111,69.16944444444445,26.9,11.551666666666668,36.2,63
2025-12-13,London,Shanghai,19560.51169555087,440.07630704533096,29.0,0.8,52.300000000000004,52.300000000000004,1006.6,1020.2944444444445,57.861111111111114,30.8,10.945277777777779,43.7,65
2025-12-14,London,Shanghai,19560.51169555087,440.07630704533096,29.2,0.0,75.0,75.0,1006.8,1018.825,54.147222222222226,29.3,12.646666666666668,41.2,65
2025-12-15,London,Shanghai,19560.51169555087,440.07630704533096,28.7,0.7,57.7,57.7,1003.5,1014.4663888888888,55.71666666666667,28.2,13.199722222222222,40.0,63
2025-12-16,London,Shanghai,19560.51169555087,440.07630704533096,27.9,6.1,114.4,114.4,1002.8,1014.1688888888889,58.18055555555556,24.2,11.675277777777778,35.4,65
2025-12-17,London,Shanghai,19560.51169555087,440.07630704533096,28.4,1.8,50.6,50.6,1007.5,1018.0416666666666,53.94444444444444,29.7,12.016111111111112,40.4,63
2025-12-18,London,Shanghai,19560.51169555087,440.07630704533096,29.3,5.7,84.3,84.3,999.1,1016.4619444444445,62.733333333333334,38.2,13.558333333333334,53.8,65
2025-12-19,London,Shanghai,19560.51169555087,440.07630704533096,28.9,6.4,89.5,89.5,1006.3,1017.08,59.37222222222223,22.9,10.605555555555556,31.9,65
2025-12-20,London,Shanghai,19560.51169555087,440.07630704533096,28.9,4.0,33.3,33.3,1004.1,1014.3627777777779,62.66111111111112,30.2,12.141666666666667,43.3,63
2025-12-21,London,Shanghai,19560.51169555087,440.07630704533096,29.0,4.0,55.9,55.9,998.8,1012.4486111111111,73.20833333333333,31.5,13.775833333333335,43.0,63
2025-12-22,London,Shanghai,19560.51169555087,440.07630704533096,28.9,6.6,12.2,12.2,998.4,1012.5475,64.77777777777777,29.7,12.981666666666666,39.8,61
2025-12-23,London,Shanghai,19560.51169555087,440.07630704533096,28.8,5.9,27.3,27.3,1005.7,1014.1869444444444,60.172222222222224,25.7,12.858055555555556,35.4,61
2025-12-24,London,Shanghai,19560.51169555087,440.07630704533096,28.8,3.6,12.0,12.0,1005.4,1016.9033333333333,56.916666666666664,33.1,15.114166666666668,45.3,61
2025-12-25,London,Shanghai,19560.51169555087,440.07630704533096,29.3,0.5,12.6,12.6,1005.2,1018.0991666666666,46.09444444444444,37.0,14.862222222222222,52.3,61
2025-12-26,London,Shanghai,19560.51169555087,440.07630704533096,28.5,1.4,11.700000000000001,11.700000000000001,1006.3,1018.6488888888889,56.375,29.7,12.585,39.8,61
2025-12-27,London,Shanghai,19560.51169555087,440.07630704533096,29.0,0.3,24.8,24.8,1007.7,1018.8444444444445,45.69444444444444,25.5,13.113888888888889,34.4,61
2025-12-28,London,Shanghai,19560.51169555087,440.07630704533096,29.0,0.7,35.2,35.2,1008.6,1018.1658333333332,47.077777777777776,26.6,12.0975,37.7,63
2025-12-29,London,Shanghai,19560.51169555087,440.07630704533096,28.7,3.1,10.9,10.9,1007.9,1018.4372222222223,51.44722222222222,21.8,9.418611111111112,32.9,61
2025-12-30,London,Shanghai,19560.51169555087,440.07630704533096,28.2,1.7,19.400000000000002,19.400000000000002,1007.0,1019.6386111111111,70.24722222222222,23.9,11.703333333333335,33.2,61
2025-12-31,London,Shanghai,19560.51169555087,440.07630704533096,28.4,-1.2,54.9,54.9,1005.9,1018.1683333333333,66.86944444444444,29.4,13.190000000000001,39.8,65
